id,class
1,neg
2,neg
3,neg
4,neg
5,neg
6,neg
7,neg
8,neg
9,neg
10,neg
11,neg
12,neg
13,neg
14,neg
15,neg
16,neg
17,neg
18,neg
19,neg
20,neg
21,neg
22,neg
23,neg
24,neg
25,neg
26,neg
27,neg
28,neg
29,neg
30,neg
31,neg
32,neg
33,neg
34,neg
35,neg
36,neg
37,neg
38,neg
39,neg
40,neg
41,neg
42,neg
43,neg
44,neg
45,neg
46,neg
47,neg
48,neg
49,neg
50,neg
51,neg
52,neg
53,neg
54,neg
55,neg
56,neg
57,neg
58,neg
59,neg
60,neg
61,neg
62,neg
63,neg
64,neg
65,neg
66,neg
67,neg
68,neg
69,neg
70,neg
71,neg
72,neg
73,neg
74,neg
75,neg
76,neg
77,neg
78,neg
79,neg
80,neg
81,neg
82,neg
83,neg
84,neg
85,neg
86,neg
87,neg
88,neg
89,neg
90,neg
91,neg
92,neg
93,pos
94,neg
95,neg
96,neg
97,neg
98,neg
99,neg
100,neg
101,neg
102,neg
103,neg
104,neg
105,neg
106,neg
107,neg
108,neg
109,neg
110,neg
111,neg
112,neg
113,neg
114,neg
115,neg
116,neg
117,neg
118,neg
119,neg
120,neg
121,neg
122,neg
123,neg
124,neg
125,neg
126,neg
127,neg
128,neg
129,neg
130,neg
131,neg
132,neg
133,neg
134,neg
135,neg
136,neg
137,neg
138,neg
139,neg
140,neg
141,neg
142,neg
143,neg
144,neg
145,neg
146,neg
147,neg
148,neg
149,neg
150,neg
151,neg
152,neg
153,neg
154,neg
155,neg
156,neg
157,neg
158,neg
159,neg
160,neg
161,neg
162,neg
163,neg
164,neg
165,neg
166,neg
167,neg
168,neg
169,neg
170,neg
171,neg
172,neg
173,neg
174,neg
175,neg
176,neg
177,neg
178,neg
179,neg
180,neg
181,neg
182,neg
183,neg
184,neg
185,neg
186,neg
187,neg
188,neg
189,neg
190,neg
191,neg
192,neg
193,neg
194,neg
195,neg
196,neg
197,neg
198,neg
199,neg
200,neg
201,neg
202,neg
203,neg
204,neg
205,neg
206,neg
207,neg
208,neg
209,neg
210,neg
211,neg
212,neg
213,neg
214,neg
215,neg
216,neg
217,neg
218,pos
219,neg
220,neg
221,neg
222,neg
223,neg
224,neg
225,neg
226,neg
227,neg
228,neg
229,neg
230,neg
231,pos
232,neg
233,neg
234,neg
235,pos
236,neg
237,neg
238,neg
239,neg
240,neg
241,neg
242,neg
243,neg
244,neg
245,neg
246,pos
247,neg
248,neg
249,neg
250,neg
251,neg
252,neg
253,neg
254,neg
255,neg
256,neg
257,neg
258,neg
259,neg
260,neg
261,neg
262,neg
263,neg
264,neg
265,neg
266,neg
267,neg
268,neg
269,neg
270,neg
271,neg
272,neg
273,neg
274,neg
275,neg
276,neg
277,neg
278,neg
279,neg
280,neg
281,neg
282,neg
283,neg
284,neg
285,neg
286,neg
287,neg
288,neg
289,pos
290,pos
291,neg
292,neg
293,neg
294,neg
295,neg
296,neg
297,neg
298,neg
299,neg
300,neg
301,neg
302,neg
303,neg
304,neg
305,neg
306,neg
307,neg
308,neg
309,neg
310,neg
311,neg
312,neg
313,neg
314,neg
315,neg
316,neg
317,neg
318,neg
319,neg
320,neg
321,neg
322,neg
323,neg
324,neg
325,neg
326,neg
327,neg
328,neg
329,neg
330,neg
331,neg
332,neg
333,neg
334,neg
335,neg
336,neg
337,neg
338,neg
339,neg
340,neg
341,neg
342,neg
343,neg
344,neg
345,neg
346,neg
347,neg
348,pos
349,neg
350,neg
351,neg
352,neg
353,neg
354,neg
355,neg
356,neg
357,neg
358,neg
359,neg
360,neg
361,neg
362,neg
363,neg
364,neg
365,neg
366,neg
367,neg
368,neg
369,neg
370,neg
371,neg
372,neg
373,neg
374,neg
375,neg
376,neg
377,neg
378,neg
379,neg
380,neg
381,neg
382,neg
383,neg
384,neg
385,neg
386,neg
387,neg
388,neg
389,neg
390,neg
391,neg
392,pos
393,neg
394,neg
395,neg
396,neg
397,neg
398,neg
399,neg
400,neg
401,neg
402,neg
403,neg
404,neg
405,neg
406,neg
407,neg
408,neg
409,neg
410,neg
411,neg
412,neg
413,neg
414,neg
415,neg
416,neg
417,neg
418,pos
419,neg
420,neg
421,neg
422,neg
423,neg
424,neg
425,neg
426,neg
427,neg
428,neg
429,neg
430,neg
431,neg
432,neg
433,neg
434,neg
435,neg
436,neg
437,neg
438,neg
439,neg
440,neg
441,neg
442,neg
443,neg
444,neg
445,neg
446,neg
447,neg
448,neg
449,neg
450,neg
451,neg
452,neg
453,neg
454,neg
455,neg
456,neg
457,neg
458,neg
459,neg
460,neg
461,neg
462,neg
463,neg
464,neg
465,neg
466,neg
467,neg
468,neg
469,neg
470,neg
471,neg
472,neg
473,neg
474,neg
475,neg
476,neg
477,pos
478,neg
479,neg
480,neg
481,neg
482,neg
483,neg
484,neg
485,neg
486,pos
487,neg
488,neg
489,neg
490,neg
491,neg
492,neg
493,neg
494,neg
495,neg
496,neg
497,neg
498,neg
499,neg
500,neg
501,neg
502,neg
503,neg
504,neg
505,neg
506,neg
507,neg
508,neg
509,neg
510,neg
511,neg
512,neg
513,neg
514,neg
515,neg
516,neg
517,neg
518,neg
519,neg
520,pos
521,neg
522,pos
523,neg
524,neg
525,neg
526,neg
527,neg
528,neg
529,neg
530,neg
531,neg
532,neg
533,neg
534,neg
535,neg
536,neg
537,neg
538,neg
539,neg
540,neg
541,neg
542,neg
543,neg
544,neg
545,neg
546,neg
547,neg
548,neg
549,neg
550,neg
551,neg
552,neg
553,neg
554,neg
555,neg
556,pos
557,neg
558,neg
559,neg
560,neg
561,neg
562,neg
563,neg
564,neg
565,neg
566,neg
567,pos
568,neg
569,neg
570,neg
571,neg
572,neg
573,neg
574,neg
575,neg
576,neg
577,neg
578,neg
579,neg
580,neg
581,neg
582,neg
583,neg
584,neg
585,neg
586,neg
587,neg
588,neg
589,neg
590,neg
591,neg
592,neg
593,neg
594,neg
595,neg
596,neg
597,neg
598,neg
599,neg
600,neg
601,neg
602,neg
603,neg
604,neg
605,neg
606,neg
607,neg
608,neg
609,neg
610,neg
611,neg
612,neg
613,neg
614,neg
615,neg
616,neg
617,neg
618,neg
619,neg
620,neg
621,neg
622,neg
623,neg
624,neg
625,neg
626,neg
627,neg
628,neg
629,neg
630,neg
631,neg
632,neg
633,neg
634,neg
635,neg
636,neg
637,neg
638,neg
639,neg
640,neg
641,neg
642,neg
643,neg
644,neg
645,neg
646,neg
647,neg
648,neg
649,neg
650,neg
651,neg
652,neg
653,neg
654,neg
655,neg
656,neg
657,neg
658,neg
659,neg
660,neg
661,neg
662,neg
663,neg
664,neg
665,neg
666,neg
667,neg
668,pos
669,neg
670,neg
671,neg
672,neg
673,neg
674,pos
675,neg
676,neg
677,neg
678,neg
679,neg
680,neg
681,neg
682,neg
683,neg
684,neg
685,neg
686,neg
687,neg
688,neg
689,neg
690,neg
691,neg
692,neg
693,neg
694,neg
695,neg
696,neg
697,neg
698,neg
699,neg
700,neg
701,neg
702,neg
703,neg
704,neg
705,neg
706,neg
707,neg
708,neg
709,neg
710,neg
711,neg
712,neg
713,neg
714,neg
715,neg
716,neg
717,pos
718,neg
719,neg
720,neg
721,neg
722,neg
723,neg
724,neg
725,neg
726,neg
727,neg
728,neg
729,neg
730,neg
731,neg
732,pos
733,neg
734,neg
735,neg
736,neg
737,neg
738,neg
739,neg
740,neg
741,neg
742,neg
743,neg
744,neg
745,pos
746,neg
747,neg
748,neg
749,neg
750,neg
751,neg
752,neg
753,neg
754,neg
755,neg
756,neg
757,neg
758,neg
759,neg
760,neg
761,neg
762,neg
763,neg
764,neg
765,neg
766,neg
767,neg
768,neg
769,neg
770,neg
771,neg
772,neg
773,neg
774,neg
775,neg
776,neg
777,neg
778,neg
779,neg
780,neg
781,neg
782,neg
783,neg
784,neg
785,neg
786,neg
787,neg
788,neg
789,neg
790,neg
791,neg
792,neg
793,neg
794,neg
795,neg
796,pos
797,neg
798,neg
799,neg
800,neg
801,neg
802,neg
803,neg
804,neg
805,neg
806,neg
807,neg
808,neg
809,neg
810,neg
811,neg
812,neg
813,neg
814,neg
815,neg
816,neg
817,neg
818,neg
819,neg
820,neg
821,neg
822,neg
823,neg
824,neg
825,neg
826,neg
827,neg
828,neg
829,neg
830,neg
831,neg
832,neg
833,neg
834,neg
835,neg
836,neg
837,neg
838,neg
839,neg
840,neg
841,neg
842,neg
843,neg
844,neg
845,neg
846,neg
847,neg
848,neg
849,neg
850,neg
851,neg
852,neg
853,pos
854,neg
855,neg
856,neg
857,neg
858,neg
859,neg
860,neg
861,neg
862,neg
863,neg
864,neg
865,neg
866,neg
867,neg
868,neg
869,neg
870,neg
871,neg
872,neg
873,neg
874,neg
875,neg
876,neg
877,neg
878,neg
879,neg
880,neg
881,neg
882,neg
883,neg
884,pos
885,neg
886,neg
887,neg
888,neg
889,neg
890,neg
891,neg
892,neg
893,neg
894,neg
895,neg
896,neg
897,neg
898,neg
899,neg
900,neg
901,neg
902,neg
903,neg
904,neg
905,neg
906,neg
907,neg
908,neg
909,neg
910,neg
911,neg
912,pos
913,neg
914,neg
915,neg
916,neg
917,neg
918,neg
919,neg
920,neg
921,neg
922,neg
923,neg
924,neg
925,neg
926,neg
927,neg
928,neg
929,pos
930,neg
931,neg
932,neg
933,neg
934,neg
935,neg
936,neg
937,neg
938,neg
939,pos
940,neg
941,neg
942,neg
943,neg
944,neg
945,neg
946,neg
947,neg
948,neg
949,neg
950,neg
951,neg
952,neg
953,neg
954,neg
955,pos
956,neg
957,neg
958,neg
959,neg
960,neg
961,neg
962,neg
963,neg
964,neg
965,neg
966,neg
967,neg
968,neg
969,neg
970,neg
971,neg
972,neg
973,neg
974,neg
975,neg
976,neg
977,neg
978,neg
979,neg
980,neg
981,neg
982,neg
983,neg
984,neg
985,neg
986,neg
987,neg
988,neg
989,neg
990,neg
991,neg
992,neg
993,neg
994,neg
995,neg
996,neg
997,neg
998,neg
999,neg
1000,neg
1001,neg
1002,neg
1003,neg
1004,pos
1005,neg
1006,neg
1007,neg
1008,neg
1009,neg
1010,neg
1011,neg
1012,neg
1013,neg
1014,neg
1015,neg
1016,neg
1017,neg
1018,neg
1019,neg
1020,neg
1021,neg
1022,neg
1023,neg
1024,neg
1025,pos
1026,neg
1027,neg
1028,neg
1029,neg
1030,neg
1031,neg
1032,neg
1033,neg
1034,neg
1035,neg
1036,neg
1037,neg
1038,neg
1039,neg
1040,neg
1041,neg
1042,neg
1043,neg
1044,neg
1045,neg
1046,neg
1047,neg
1048,neg
1049,neg
1050,neg
1051,neg
1052,neg
1053,neg
1054,pos
1055,neg
1056,neg
1057,neg
1058,neg
1059,neg
1060,neg
1061,neg
1062,neg
1063,neg
1064,neg
1065,neg
1066,neg
1067,neg
1068,neg
1069,neg
1070,neg
1071,neg
1072,neg
1073,neg
1074,neg
1075,neg
1076,neg
1077,neg
1078,neg
1079,neg
1080,neg
1081,neg
1082,neg
1083,neg
1084,neg
1085,neg
1086,neg
1087,neg
1088,neg
1089,neg
1090,neg
1091,neg
1092,neg
1093,neg
1094,neg
1095,neg
1096,neg
1097,neg
1098,neg
1099,neg
1100,neg
1101,neg
1102,neg
1103,pos
1104,neg
1105,neg
1106,neg
1107,neg
1108,neg
1109,neg
1110,neg
1111,neg
1112,neg
1113,neg
1114,neg
1115,neg
1116,neg
1117,neg
1118,neg
1119,neg
1120,neg
1121,neg
1122,neg
1123,neg
1124,neg
1125,neg
1126,neg
1127,neg
1128,neg
1129,neg
1130,neg
1131,neg
1132,neg
1133,neg
1134,neg
1135,neg
1136,neg
1137,neg
1138,neg
1139,neg
1140,neg
1141,neg
1142,neg
1143,neg
1144,neg
1145,neg
1146,neg
1147,neg
1148,neg
1149,neg
1150,neg
1151,neg
1152,neg
1153,neg
1154,neg
1155,neg
1156,neg
1157,neg
1158,neg
1159,neg
1160,neg
1161,neg
1162,neg
1163,neg
1164,neg
1165,neg
1166,neg
1167,neg
1168,neg
1169,neg
1170,neg
1171,neg
1172,neg
1173,neg
1174,neg
1175,neg
1176,neg
1177,neg
1178,neg
1179,neg
1180,neg
1181,neg
1182,neg
1183,neg
1184,neg
1185,neg
1186,neg
1187,pos
1188,neg
1189,neg
1190,neg
1191,neg
1192,neg
1193,neg
1194,neg
1195,neg
1196,neg
1197,neg
1198,neg
1199,neg
1200,neg
1201,neg
1202,neg
1203,neg
1204,neg
1205,neg
1206,neg
1207,neg
1208,neg
1209,neg
1210,neg
1211,neg
1212,neg
1213,neg
1214,neg
1215,neg
1216,neg
1217,neg
1218,neg
1219,neg
1220,neg
1221,neg
1222,neg
1223,neg
1224,neg
1225,neg
1226,neg
1227,neg
1228,neg
1229,neg
1230,neg
1231,neg
1232,neg
1233,neg
1234,neg
1235,neg
1236,neg
1237,neg
1238,neg
1239,neg
1240,neg
1241,neg
1242,neg
1243,neg
1244,neg
1245,neg
1246,neg
1247,neg
1248,neg
1249,neg
1250,neg
1251,pos
1252,neg
1253,neg
1254,neg
1255,neg
1256,neg
1257,neg
1258,neg
1259,neg
1260,neg
1261,neg
1262,neg
1263,neg
1264,neg
1265,neg
1266,neg
1267,neg
1268,neg
1269,neg
1270,neg
1271,neg
1272,neg
1273,neg
1274,neg
1275,neg
1276,neg
1277,neg
1278,neg
1279,neg
1280,neg
1281,neg
1282,neg
1283,neg
1284,neg
1285,neg
1286,neg
1287,neg
1288,pos
1289,neg
1290,neg
1291,neg
1292,neg
1293,neg
1294,neg
1295,neg
1296,neg
1297,neg
1298,neg
1299,neg
1300,neg
1301,neg
1302,neg
1303,neg
1304,neg
1305,neg
1306,neg
1307,pos
1308,neg
1309,neg
1310,neg
1311,neg
1312,neg
1313,neg
1314,neg
1315,neg
1316,neg
1317,neg
1318,neg
1319,neg
1320,neg
1321,neg
1322,neg
1323,neg
1324,neg
1325,neg
1326,neg
1327,neg
1328,neg
1329,neg
1330,neg
1331,neg
1332,neg
1333,neg
1334,neg
1335,neg
1336,neg
1337,neg
1338,neg
1339,neg
1340,neg
1341,neg
1342,neg
1343,neg
1344,neg
1345,neg
1346,neg
1347,neg
1348,neg
1349,neg
1350,neg
1351,neg
1352,neg
1353,neg
1354,neg
1355,neg
1356,neg
1357,neg
1358,neg
1359,neg
1360,neg
1361,neg
1362,neg
1363,neg
1364,neg
1365,neg
1366,neg
1367,neg
1368,neg
1369,neg
1370,neg
1371,neg
1372,neg
1373,neg
1374,neg
1375,neg
1376,neg
1377,neg
1378,neg
1379,neg
1380,neg
1381,neg
1382,neg
1383,neg
1384,neg
1385,neg
1386,neg
1387,neg
1388,neg
1389,neg
1390,neg
1391,neg
1392,neg
1393,neg
1394,neg
1395,neg
1396,neg
1397,neg
1398,neg
1399,neg
1400,neg
1401,neg
1402,neg
1403,neg
1404,neg
1405,neg
1406,pos
1407,pos
1408,neg
1409,neg
1410,neg
1411,neg
1412,neg
1413,neg
1414,neg
1415,neg
1416,neg
1417,neg
1418,neg
1419,neg
1420,neg
1421,neg
1422,neg
1423,pos
1424,neg
1425,neg
1426,neg
1427,neg
1428,neg
1429,neg
1430,neg
1431,neg
1432,neg
1433,neg
1434,neg
1435,neg
1436,neg
1437,neg
1438,neg
1439,neg
1440,neg
1441,neg
1442,neg
1443,neg
1444,neg
1445,neg
1446,neg
1447,neg
1448,neg
1449,neg
1450,neg
1451,neg
1452,neg
1453,neg
1454,neg
1455,neg
1456,neg
1457,neg
1458,neg
1459,neg
1460,neg
1461,neg
1462,neg
1463,neg
1464,neg
1465,neg
1466,neg
1467,neg
1468,neg
1469,neg
1470,neg
1471,neg
1472,neg
1473,neg
1474,neg
1475,neg
1476,neg
1477,neg
1478,neg
1479,neg
1480,neg
1481,neg
1482,neg
1483,neg
1484,neg
1485,neg
1486,neg
1487,neg
1488,neg
1489,neg
1490,neg
1491,neg
1492,neg
1493,neg
1494,neg
1495,neg
1496,neg
1497,neg
1498,neg
1499,neg
1500,neg
1501,neg
1502,neg
1503,neg
1504,neg
1505,neg
1506,neg
1507,neg
1508,neg
1509,neg
1510,neg
1511,neg
1512,neg
1513,neg
1514,neg
1515,neg
1516,neg
1517,neg
1518,neg
1519,neg
1520,neg
1521,neg
1522,neg
1523,neg
1524,neg
1525,neg
1526,neg
1527,neg
1528,neg
1529,neg
1530,pos
1531,neg
1532,neg
1533,neg
1534,neg
1535,neg
1536,neg
1537,neg
1538,neg
1539,neg
1540,neg
1541,neg
1542,neg
1543,neg
1544,neg
1545,pos
1546,neg
1547,neg
1548,neg
1549,neg
1550,neg
1551,neg
1552,neg
1553,neg
1554,neg
1555,neg
1556,neg
1557,neg
1558,neg
1559,neg
1560,neg
1561,neg
1562,neg
1563,neg
1564,neg
1565,neg
1566,neg
1567,neg
1568,neg
1569,neg
1570,neg
1571,neg
1572,neg
1573,neg
1574,neg
1575,neg
1576,neg
1577,neg
1578,neg
1579,neg
1580,neg
1581,neg
1582,neg
1583,neg
1584,neg
1585,neg
1586,neg
1587,neg
1588,neg
1589,neg
1590,neg
1591,neg
1592,neg
1593,neg
1594,neg
1595,neg
1596,neg
1597,neg
1598,neg
1599,neg
1600,neg
1601,neg
1602,neg
1603,neg
1604,neg
1605,neg
1606,neg
1607,neg
1608,neg
1609,neg
1610,neg
1611,neg
1612,neg
1613,neg
1614,neg
1615,pos
1616,neg
1617,neg
1618,neg
1619,neg
1620,neg
1621,neg
1622,neg
1623,neg
1624,neg
1625,neg
1626,neg
1627,neg
1628,neg
1629,neg
1630,neg
1631,neg
1632,neg
1633,neg
1634,neg
1635,neg
1636,neg
1637,neg
1638,neg
1639,neg
1640,neg
1641,neg
1642,neg
1643,neg
1644,neg
1645,neg
1646,neg
1647,neg
1648,neg
1649,pos
1650,neg
1651,neg
1652,neg
1653,neg
1654,neg
1655,neg
1656,neg
1657,neg
1658,neg
1659,neg
1660,neg
1661,neg
1662,neg
1663,neg
1664,neg
1665,neg
1666,pos
1667,neg
1668,neg
1669,neg
1670,neg
1671,neg
1672,neg
1673,neg
1674,neg
1675,neg
1676,neg
1677,neg
1678,neg
1679,neg
1680,neg
1681,neg
1682,neg
1683,neg
1684,neg
1685,neg
1686,neg
1687,neg
1688,neg
1689,neg
1690,neg
1691,neg
1692,neg
1693,neg
1694,neg
1695,neg
1696,neg
1697,neg
1698,neg
1699,neg
1700,neg
1701,neg
1702,neg
1703,neg
1704,neg
1705,neg
1706,neg
1707,neg
1708,neg
1709,neg
1710,neg
1711,neg
1712,neg
1713,neg
1714,neg
1715,neg
1716,neg
1717,neg
1718,neg
1719,neg
1720,neg
1721,neg
1722,neg
1723,neg
1724,neg
1725,neg
1726,neg
1727,neg
1728,neg
1729,neg
1730,neg
1731,neg
1732,neg
1733,neg
1734,neg
1735,neg
1736,neg
1737,neg
1738,neg
1739,neg
1740,neg
1741,neg
1742,neg
1743,neg
1744,neg
1745,neg
1746,neg
1747,neg
1748,neg
1749,neg
1750,neg
1751,neg
1752,neg
1753,neg
1754,neg
1755,neg
1756,neg
1757,neg
1758,neg
1759,neg
1760,neg
1761,neg
1762,neg
1763,neg
1764,neg
1765,neg
1766,neg
1767,neg
1768,neg
1769,neg
1770,neg
1771,neg
1772,neg
1773,neg
1774,neg
1775,neg
1776,neg
1777,neg
1778,neg
1779,neg
1780,neg
1781,neg
1782,neg
1783,neg
1784,neg
1785,neg
1786,neg
1787,neg
1788,neg
1789,neg
1790,neg
1791,neg
1792,neg
1793,pos
1794,neg
1795,neg
1796,neg
1797,neg
1798,neg
1799,neg
1800,neg
1801,pos
1802,neg
1803,neg
1804,neg
1805,neg
1806,neg
1807,neg
1808,neg
1809,neg
1810,neg
1811,neg
1812,neg
1813,neg
1814,neg
1815,neg
1816,neg
1817,neg
1818,neg
1819,neg
1820,neg
1821,neg
1822,neg
1823,neg
1824,neg
1825,neg
1826,neg
1827,neg
1828,neg
1829,neg
1830,neg
1831,neg
1832,neg
1833,neg
1834,neg
1835,neg
1836,neg
1837,neg
1838,neg
1839,neg
1840,neg
1841,neg
1842,neg
1843,neg
1844,neg
1845,neg
1846,neg
1847,neg
1848,neg
1849,neg
1850,neg
1851,neg
1852,neg
1853,neg
1854,neg
1855,neg
1856,neg
1857,neg
1858,neg
1859,neg
1860,neg
1861,neg
1862,neg
1863,neg
1864,neg
1865,neg
1866,neg
1867,neg
1868,pos
1869,neg
1870,neg
1871,neg
1872,neg
1873,neg
1874,neg
1875,neg
1876,neg
1877,neg
1878,neg
1879,neg
1880,neg
1881,neg
1882,neg
1883,neg
1884,neg
1885,neg
1886,neg
1887,neg
1888,neg
1889,neg
1890,neg
1891,neg
1892,neg
1893,neg
1894,neg
1895,neg
1896,neg
1897,neg
1898,neg
1899,neg
1900,neg
1901,neg
1902,neg
1903,neg
1904,neg
1905,neg
1906,neg
1907,neg
1908,neg
1909,neg
1910,neg
1911,pos
1912,neg
1913,neg
1914,neg
1915,neg
1916,neg
1917,neg
1918,neg
1919,neg
1920,neg
1921,neg
1922,neg
1923,neg
1924,neg
1925,neg
1926,neg
1927,neg
1928,neg
1929,neg
1930,neg
1931,neg
1932,neg
1933,neg
1934,neg
1935,neg
1936,neg
1937,neg
1938,neg
1939,neg
1940,neg
1941,neg
1942,neg
1943,neg
1944,neg
1945,neg
1946,neg
1947,neg
1948,neg
1949,neg
1950,neg
1951,neg
1952,neg
1953,neg
1954,neg
1955,neg
1956,neg
1957,neg
1958,neg
1959,neg
1960,neg
1961,neg
1962,neg
1963,neg
1964,neg
1965,neg
1966,neg
1967,neg
1968,neg
1969,neg
1970,neg
1971,neg
1972,neg
1973,neg
1974,neg
1975,neg
1976,neg
1977,neg
1978,neg
1979,neg
1980,neg
1981,neg
1982,neg
1983,neg
1984,neg
1985,neg
1986,neg
1987,neg
1988,neg
1989,neg
1990,neg
1991,neg
1992,neg
1993,neg
1994,neg
1995,neg
1996,neg
1997,neg
1998,neg
1999,neg
2000,neg
2001,neg
2002,neg
2003,neg
2004,neg
2005,neg
2006,neg
2007,neg
2008,neg
2009,neg
2010,neg
2011,neg
2012,neg
2013,neg
2014,pos
2015,neg
2016,neg
2017,neg
2018,pos
2019,neg
2020,neg
2021,neg
2022,neg
2023,neg
2024,neg
2025,neg
2026,neg
2027,neg
2028,neg
2029,neg
2030,neg
2031,neg
2032,neg
2033,neg
2034,neg
2035,neg
2036,neg
2037,neg
2038,neg
2039,neg
2040,neg
2041,neg
2042,neg
2043,neg
2044,neg
2045,neg
2046,neg
2047,neg
2048,neg
2049,pos
2050,neg
2051,neg
2052,neg
2053,neg
2054,neg
2055,neg
2056,neg
2057,neg
2058,neg
2059,neg
2060,neg
2061,neg
2062,pos
2063,neg
2064,neg
2065,neg
2066,neg
2067,neg
2068,neg
2069,neg
2070,neg
2071,neg
2072,neg
2073,neg
2074,pos
2075,neg
2076,neg
2077,neg
2078,neg
2079,neg
2080,neg
2081,neg
2082,neg
2083,neg
2084,neg
2085,neg
2086,neg
2087,neg
2088,neg
2089,neg
2090,neg
2091,neg
2092,neg
2093,neg
2094,neg
2095,neg
2096,neg
2097,neg
2098,neg
2099,neg
2100,neg
2101,neg
2102,neg
2103,neg
2104,neg
2105,neg
2106,neg
2107,neg
2108,neg
2109,neg
2110,neg
2111,neg
2112,neg
2113,neg
2114,neg
2115,neg
2116,neg
2117,neg
2118,neg
2119,neg
2120,neg
2121,neg
2122,neg
2123,neg
2124,neg
2125,neg
2126,neg
2127,neg
2128,neg
2129,neg
2130,neg
2131,neg
2132,neg
2133,neg
2134,neg
2135,neg
2136,neg
2137,neg
2138,neg
2139,neg
2140,neg
2141,neg
2142,neg
2143,neg
2144,neg
2145,neg
2146,neg
2147,pos
2148,neg
2149,neg
2150,neg
2151,neg
2152,neg
2153,neg
2154,neg
2155,neg
2156,neg
2157,neg
2158,neg
2159,neg
2160,neg
2161,neg
2162,neg
2163,neg
2164,neg
2165,neg
2166,neg
2167,neg
2168,neg
2169,neg
2170,neg
2171,neg
2172,neg
2173,neg
2174,neg
2175,neg
2176,neg
2177,neg
2178,neg
2179,neg
2180,neg
2181,neg
2182,neg
2183,neg
2184,neg
2185,neg
2186,neg
2187,neg
2188,neg
2189,neg
2190,neg
2191,neg
2192,neg
2193,neg
2194,neg
2195,neg
2196,neg
2197,neg
2198,neg
2199,neg
2200,neg
2201,neg
2202,pos
2203,neg
2204,neg
2205,neg
2206,neg
2207,neg
2208,neg
2209,neg
2210,neg
2211,neg
2212,neg
2213,neg
2214,pos
2215,neg
2216,neg
2217,neg
2218,neg
2219,pos
2220,neg
2221,neg
2222,neg
2223,neg
2224,neg
2225,neg
2226,neg
2227,neg
2228,neg
2229,neg
2230,neg
2231,neg
2232,neg
2233,neg
2234,neg
2235,neg
2236,neg
2237,neg
2238,neg
2239,neg
2240,neg
2241,neg
2242,neg
2243,neg
2244,neg
2245,neg
2246,neg
2247,neg
2248,pos
2249,neg
2250,neg
2251,neg
2252,neg
2253,neg
2254,neg
2255,neg
2256,neg
2257,neg
2258,neg
2259,neg
2260,neg
2261,neg
2262,neg
2263,neg
2264,neg
2265,neg
2266,neg
2267,neg
2268,neg
2269,neg
2270,neg
2271,neg
2272,neg
2273,neg
2274,neg
2275,neg
2276,pos
2277,neg
2278,neg
2279,neg
2280,neg
2281,neg
2282,neg
2283,neg
2284,neg
2285,neg
2286,neg
2287,neg
2288,neg
2289,neg
2290,neg
2291,neg
2292,neg
2293,neg
2294,neg
2295,neg
2296,neg
2297,neg
2298,neg
2299,neg
2300,neg
2301,neg
2302,neg
2303,neg
2304,neg
2305,neg
2306,neg
2307,neg
2308,neg
2309,neg
2310,neg
2311,neg
2312,neg
2313,neg
2314,neg
2315,neg
2316,neg
2317,neg
2318,neg
2319,neg
2320,neg
2321,neg
2322,neg
2323,neg
2324,neg
2325,neg
2326,neg
2327,neg
2328,neg
2329,neg
2330,neg
2331,neg
2332,neg
2333,neg
2334,neg
2335,neg
2336,neg
2337,neg
2338,neg
2339,neg
2340,neg
2341,neg
2342,pos
2343,neg
2344,neg
2345,neg
2346,neg
2347,neg
2348,neg
2349,neg
2350,neg
2351,neg
2352,neg
2353,neg
2354,neg
2355,neg
2356,neg
2357,neg
2358,neg
2359,neg
2360,neg
2361,neg
2362,neg
2363,neg
2364,neg
2365,neg
2366,neg
2367,neg
2368,neg
2369,neg
2370,neg
2371,neg
2372,neg
2373,neg
2374,neg
2375,neg
2376,neg
2377,neg
2378,neg
2379,neg
2380,neg
2381,neg
2382,neg
2383,neg
2384,neg
2385,neg
2386,neg
2387,neg
2388,neg
2389,neg
2390,neg
2391,neg
2392,neg
2393,neg
2394,neg
2395,neg
2396,neg
2397,neg
2398,pos
2399,neg
2400,neg
2401,neg
2402,neg
2403,neg
2404,neg
2405,neg
2406,neg
2407,neg
2408,neg
2409,neg
2410,neg
2411,neg
2412,neg
2413,neg
2414,neg
2415,neg
2416,neg
2417,pos
2418,neg
2419,neg
2420,neg
2421,neg
2422,neg
2423,neg
2424,neg
2425,neg
2426,neg
2427,neg
2428,neg
2429,neg
2430,neg
2431,neg
2432,neg
2433,neg
2434,neg
2435,neg
2436,neg
2437,neg
2438,neg
2439,neg
2440,neg
2441,neg
2442,neg
2443,neg
2444,neg
2445,neg
2446,neg
2447,neg
2448,pos
2449,neg
2450,neg
2451,neg
2452,neg
2453,neg
2454,neg
2455,neg
2456,neg
2457,neg
2458,neg
2459,neg
2460,neg
2461,neg
2462,neg
2463,pos
2464,pos
2465,neg
2466,neg
2467,neg
2468,neg
2469,pos
2470,neg
2471,neg
2472,neg
2473,neg
2474,neg
2475,neg
2476,neg
2477,neg
2478,neg
2479,neg
2480,neg
2481,neg
2482,neg
2483,neg
2484,pos
2485,neg
2486,neg
2487,neg
2488,neg
2489,neg
2490,neg
2491,neg
2492,neg
2493,neg
2494,neg
2495,neg
2496,neg
2497,neg
2498,neg
2499,neg
2500,neg
2501,neg
2502,neg
2503,neg
2504,neg
2505,pos
2506,neg
2507,neg
2508,neg
2509,neg
2510,neg
2511,neg
2512,neg
2513,neg
2514,neg
2515,neg
2516,neg
2517,neg
2518,neg
2519,neg
2520,neg
2521,neg
2522,neg
2523,neg
2524,neg
2525,neg
2526,neg
2527,neg
2528,neg
2529,neg
2530,neg
2531,neg
2532,neg
2533,neg
2534,neg
2535,neg
2536,neg
2537,neg
2538,neg
2539,neg
2540,neg
2541,neg
2542,neg
2543,neg
2544,neg
2545,neg
2546,neg
2547,neg
2548,neg
2549,neg
2550,neg
2551,neg
2552,neg
2553,neg
2554,neg
2555,neg
2556,neg
2557,neg
2558,pos
2559,neg
2560,neg
2561,neg
2562,neg
2563,pos
2564,neg
2565,neg
2566,neg
2567,neg
2568,neg
2569,neg
2570,neg
2571,neg
2572,neg
2573,neg
2574,neg
2575,neg
2576,neg
2577,neg
2578,neg
2579,neg
2580,neg
2581,neg
2582,neg
2583,neg
2584,neg
2585,neg
2586,neg
2587,neg
2588,neg
2589,neg
2590,neg
2591,neg
2592,neg
2593,neg
2594,neg
2595,neg
2596,neg
2597,neg
2598,neg
2599,neg
2600,neg
2601,neg
2602,neg
2603,neg
2604,neg
2605,neg
2606,neg
2607,neg
2608,neg
2609,neg
2610,neg
2611,neg
2612,neg
2613,neg
2614,neg
2615,neg
2616,neg
2617,neg
2618,neg
2619,neg
2620,neg
2621,neg
2622,neg
2623,neg
2624,neg
2625,neg
2626,neg
2627,neg
2628,neg
2629,neg
2630,neg
2631,neg
2632,neg
2633,neg
2634,neg
2635,neg
2636,neg
2637,neg
2638,neg
2639,neg
2640,neg
2641,neg
2642,neg
2643,neg
2644,neg
2645,neg
2646,neg
2647,neg
2648,neg
2649,neg
2650,neg
2651,neg
2652,neg
2653,neg
2654,neg
2655,neg
2656,neg
2657,neg
2658,neg
2659,neg
2660,neg
2661,neg
2662,neg
2663,neg
2664,neg
2665,neg
2666,neg
2667,neg
2668,neg
2669,neg
2670,neg
2671,neg
2672,neg
2673,neg
2674,neg
2675,neg
2676,neg
2677,neg
2678,neg
2679,neg
2680,neg
2681,neg
2682,neg
2683,neg
2684,neg
2685,neg
2686,neg
2687,neg
2688,neg
2689,neg
2690,neg
2691,neg
2692,neg
2693,neg
2694,neg
2695,neg
2696,neg
2697,neg
2698,neg
2699,neg
2700,neg
2701,neg
2702,pos
2703,neg
2704,neg
2705,neg
2706,neg
2707,neg
2708,neg
2709,neg
2710,neg
2711,neg
2712,neg
2713,neg
2714,neg
2715,neg
2716,neg
2717,neg
2718,neg
2719,neg
2720,neg
2721,neg
2722,neg
2723,neg
2724,neg
2725,neg
2726,neg
2727,neg
2728,neg
2729,neg
2730,pos
2731,neg
2732,neg
2733,neg
2734,neg
2735,neg
2736,neg
2737,neg
2738,neg
2739,neg
2740,neg
2741,neg
2742,neg
2743,neg
2744,neg
2745,neg
2746,neg
2747,neg
2748,neg
2749,neg
2750,neg
2751,neg
2752,neg
2753,neg
2754,pos
2755,neg
2756,neg
2757,neg
2758,neg
2759,neg
2760,neg
2761,neg
2762,neg
2763,pos
2764,neg
2765,neg
2766,neg
2767,neg
2768,neg
2769,neg
2770,neg
2771,neg
2772,neg
2773,neg
2774,neg
2775,neg
2776,neg
2777,neg
2778,neg
2779,neg
2780,neg
2781,neg
2782,neg
2783,neg
2784,neg
2785,neg
2786,neg
2787,neg
2788,neg
2789,neg
2790,neg
2791,neg
2792,neg
2793,neg
2794,neg
2795,pos
2796,neg
2797,neg
2798,neg
2799,neg
2800,neg
2801,neg
2802,neg
2803,neg
2804,neg
2805,neg
2806,neg
2807,neg
2808,neg
2809,neg
2810,neg
2811,neg
2812,neg
2813,neg
2814,neg
2815,neg
2816,neg
2817,neg
2818,neg
2819,neg
2820,neg
2821,neg
2822,neg
2823,neg
2824,neg
2825,neg
2826,neg
2827,neg
2828,neg
2829,neg
2830,neg
2831,neg
2832,pos
2833,neg
2834,neg
2835,neg
2836,neg
2837,neg
2838,neg
2839,neg
2840,neg
2841,neg
2842,neg
2843,neg
2844,neg
2845,neg
2846,neg
2847,neg
2848,neg
2849,neg
2850,neg
2851,neg
2852,neg
2853,neg
2854,neg
2855,neg
2856,neg
2857,neg
2858,pos
2859,neg
2860,neg
2861,neg
2862,neg
2863,neg
2864,neg
2865,neg
2866,neg
2867,neg
2868,neg
2869,neg
2870,neg
2871,neg
2872,neg
2873,neg
2874,neg
2875,pos
2876,neg
2877,neg
2878,neg
2879,neg
2880,neg
2881,neg
2882,neg
2883,neg
2884,neg
2885,neg
2886,neg
2887,neg
2888,neg
2889,neg
2890,neg
2891,neg
2892,neg
2893,neg
2894,neg
2895,neg
2896,neg
2897,neg
2898,neg
2899,neg
2900,neg
2901,neg
2902,neg
2903,neg
2904,neg
2905,neg
2906,neg
2907,neg
2908,neg
2909,neg
2910,neg
2911,neg
2912,neg
2913,neg
2914,neg
2915,neg
2916,neg
2917,neg
2918,neg
2919,neg
2920,neg
2921,neg
2922,neg
2923,neg
2924,neg
2925,neg
2926,neg
2927,neg
2928,neg
2929,neg
2930,neg
2931,neg
2932,neg
2933,neg
2934,neg
2935,neg
2936,neg
2937,neg
2938,neg
2939,neg
2940,neg
2941,neg
2942,neg
2943,neg
2944,neg
2945,neg
2946,pos
2947,neg
2948,neg
2949,neg
2950,pos
2951,neg
2952,neg
2953,neg
2954,neg
2955,neg
2956,neg
2957,neg
2958,neg
2959,neg
2960,neg
2961,neg
2962,neg
2963,neg
2964,neg
2965,neg
2966,neg
2967,neg
2968,pos
2969,neg
2970,neg
2971,neg
2972,neg
2973,neg
2974,neg
2975,neg
2976,neg
2977,neg
2978,neg
2979,neg
2980,neg
2981,neg
2982,neg
2983,neg
2984,neg
2985,neg
2986,pos
2987,neg
2988,neg
2989,neg
2990,neg
2991,neg
2992,neg
2993,neg
2994,neg
2995,neg
2996,neg
2997,neg
2998,neg
2999,neg
3000,neg
3001,neg
3002,neg
3003,neg
3004,neg
3005,neg
3006,neg
3007,neg
3008,neg
3009,neg
3010,neg
3011,neg
3012,neg
3013,neg
3014,neg
3015,neg
3016,neg
3017,neg
3018,neg
3019,neg
3020,neg
3021,neg
3022,neg
3023,neg
3024,neg
3025,neg
3026,neg
3027,neg
3028,neg
3029,neg
3030,neg
3031,neg
3032,neg
3033,neg
3034,neg
3035,neg
3036,neg
3037,neg
3038,neg
3039,neg
3040,neg
3041,neg
3042,neg
3043,neg
3044,neg
3045,neg
3046,neg
3047,neg
3048,neg
3049,neg
3050,neg
3051,neg
3052,neg
3053,neg
3054,neg
3055,neg
3056,neg
3057,neg
3058,neg
3059,neg
3060,neg
3061,neg
3062,neg
3063,neg
3064,neg
3065,neg
3066,neg
3067,neg
3068,neg
3069,neg
3070,neg
3071,neg
3072,neg
3073,neg
3074,neg
3075,neg
3076,neg
3077,neg
3078,neg
3079,neg
3080,neg
3081,neg
3082,neg
3083,neg
3084,neg
3085,neg
3086,neg
3087,neg
3088,neg
3089,neg
3090,neg
3091,neg
3092,neg
3093,neg
3094,neg
3095,neg
3096,neg
3097,neg
3098,neg
3099,neg
3100,neg
3101,neg
3102,neg
3103,neg
3104,neg
3105,neg
3106,neg
3107,neg
3108,neg
3109,neg
3110,neg
3111,neg
3112,neg
3113,neg
3114,neg
3115,neg
3116,neg
3117,neg
3118,neg
3119,neg
3120,neg
3121,neg
3122,neg
3123,neg
3124,neg
3125,neg
3126,neg
3127,neg
3128,neg
3129,neg
3130,neg
3131,neg
3132,neg
3133,neg
3134,neg
3135,neg
3136,pos
3137,neg
3138,neg
3139,neg
3140,neg
3141,neg
3142,neg
3143,neg
3144,neg
3145,neg
3146,neg
3147,neg
3148,pos
3149,neg
3150,neg
3151,neg
3152,neg
3153,neg
3154,neg
3155,neg
3156,neg
3157,neg
3158,neg
3159,neg
3160,neg
3161,neg
3162,neg
3163,pos
3164,neg
3165,neg
3166,neg
3167,neg
3168,neg
3169,neg
3170,neg
3171,neg
3172,neg
3173,neg
3174,neg
3175,neg
3176,neg
3177,neg
3178,neg
3179,neg
3180,neg
3181,neg
3182,neg
3183,pos
3184,neg
3185,neg
3186,neg
3187,neg
3188,neg
3189,neg
3190,neg
3191,neg
3192,neg
3193,neg
3194,neg
3195,neg
3196,neg
3197,neg
3198,neg
3199,neg
3200,neg
3201,neg
3202,neg
3203,neg
3204,neg
3205,neg
3206,neg
3207,neg
3208,neg
3209,neg
3210,neg
3211,neg
3212,neg
3213,neg
3214,neg
3215,neg
3216,neg
3217,neg
3218,neg
3219,neg
3220,neg
3221,neg
3222,neg
3223,neg
3224,neg
3225,neg
3226,neg
3227,neg
3228,neg
3229,neg
3230,neg
3231,neg
3232,neg
3233,neg
3234,neg
3235,neg
3236,neg
3237,neg
3238,neg
3239,neg
3240,neg
3241,neg
3242,neg
3243,neg
3244,neg
3245,neg
3246,neg
3247,neg
3248,neg
3249,neg
3250,neg
3251,neg
3252,neg
3253,neg
3254,neg
3255,neg
3256,neg
3257,neg
3258,neg
3259,neg
3260,neg
3261,neg
3262,neg
3263,neg
3264,neg
3265,neg
3266,neg
3267,neg
3268,neg
3269,neg
3270,neg
3271,neg
3272,neg
3273,neg
3274,neg
3275,neg
3276,pos
3277,neg
3278,neg
3279,neg
3280,neg
3281,neg
3282,neg
3283,pos
3284,neg
3285,neg
3286,neg
3287,neg
3288,neg
3289,neg
3290,neg
3291,neg
3292,neg
3293,neg
3294,neg
3295,neg
3296,neg
3297,neg
3298,neg
3299,neg
3300,neg
3301,neg
3302,neg
3303,neg
3304,neg
3305,neg
3306,neg
3307,neg
3308,neg
3309,neg
3310,neg
3311,neg
3312,neg
3313,neg
3314,neg
3315,neg
3316,neg
3317,neg
3318,neg
3319,neg
3320,neg
3321,neg
3322,neg
3323,neg
3324,neg
3325,neg
3326,neg
3327,neg
3328,neg
3329,neg
3330,neg
3331,neg
3332,neg
3333,neg
3334,neg
3335,neg
3336,neg
3337,neg
3338,neg
3339,neg
3340,neg
3341,neg
3342,neg
3343,neg
3344,neg
3345,neg
3346,neg
3347,neg
3348,neg
3349,neg
3350,neg
3351,neg
3352,neg
3353,neg
3354,neg
3355,neg
3356,neg
3357,neg
3358,neg
3359,neg
3360,neg
3361,neg
3362,neg
3363,neg
3364,neg
3365,neg
3366,neg
3367,neg
3368,neg
3369,neg
3370,pos
3371,neg
3372,neg
3373,neg
3374,neg
3375,neg
3376,neg
3377,neg
3378,neg
3379,neg
3380,neg
3381,neg
3382,neg
3383,neg
3384,neg
3385,neg
3386,neg
3387,neg
3388,neg
3389,neg
3390,neg
3391,neg
3392,neg
3393,neg
3394,neg
3395,neg
3396,neg
3397,neg
3398,neg
3399,neg
3400,neg
3401,neg
3402,neg
3403,neg
3404,neg
3405,neg
3406,neg
3407,neg
3408,neg
3409,neg
3410,neg
3411,neg
3412,neg
3413,neg
3414,neg
3415,neg
3416,neg
3417,neg
3418,neg
3419,neg
3420,neg
3421,neg
3422,neg
3423,neg
3424,neg
3425,neg
3426,neg
3427,neg
3428,neg
3429,neg
3430,neg
3431,neg
3432,neg
3433,pos
3434,neg
3435,neg
3436,neg
3437,neg
3438,neg
3439,neg
3440,neg
3441,neg
3442,neg
3443,neg
3444,neg
3445,neg
3446,neg
3447,neg
3448,neg
3449,neg
3450,neg
3451,neg
3452,neg
3453,neg
3454,neg
3455,neg
3456,neg
3457,neg
3458,neg
3459,neg
3460,neg
3461,neg
3462,neg
3463,neg
3464,neg
3465,neg
3466,neg
3467,neg
3468,neg
3469,pos
3470,neg
3471,neg
3472,pos
3473,neg
3474,neg
3475,neg
3476,neg
3477,neg
3478,neg
3479,neg
3480,neg
3481,neg
3482,neg
3483,neg
3484,neg
3485,neg
3486,neg
3487,pos
3488,neg
3489,neg
3490,neg
3491,neg
3492,neg
3493,neg
3494,neg
3495,neg
3496,neg
3497,neg
3498,neg
3499,neg
3500,neg
3501,neg
3502,neg
3503,neg
3504,neg
3505,neg
3506,neg
3507,neg
3508,neg
3509,neg
3510,neg
3511,neg
3512,neg
3513,neg
3514,neg
3515,neg
3516,neg
3517,neg
3518,neg
3519,neg
3520,neg
3521,neg
3522,neg
3523,neg
3524,neg
3525,neg
3526,neg
3527,neg
3528,neg
3529,neg
3530,neg
3531,neg
3532,neg
3533,neg
3534,neg
3535,neg
3536,neg
3537,neg
3538,neg
3539,neg
3540,neg
3541,neg
3542,neg
3543,neg
3544,neg
3545,neg
3546,neg
3547,neg
3548,neg
3549,neg
3550,neg
3551,neg
3552,neg
3553,neg
3554,neg
3555,neg
3556,neg
3557,neg
3558,neg
3559,neg
3560,neg
3561,neg
3562,neg
3563,neg
3564,neg
3565,neg
3566,neg
3567,neg
3568,neg
3569,neg
3570,neg
3571,neg
3572,neg
3573,neg
3574,neg
3575,neg
3576,neg
3577,neg
3578,neg
3579,neg
3580,neg
3581,neg
3582,neg
3583,neg
3584,neg
3585,neg
3586,neg
3587,neg
3588,neg
3589,neg
3590,neg
3591,neg
3592,neg
3593,neg
3594,neg
3595,neg
3596,pos
3597,neg
3598,neg
3599,pos
3600,neg
3601,neg
3602,neg
3603,neg
3604,neg
3605,neg
3606,neg
3607,neg
3608,pos
3609,neg
3610,neg
3611,neg
3612,neg
3613,neg
3614,neg
3615,neg
3616,neg
3617,neg
3618,neg
3619,neg
3620,neg
3621,neg
3622,neg
3623,neg
3624,neg
3625,neg
3626,neg
3627,neg
3628,neg
3629,neg
3630,neg
3631,neg
3632,neg
3633,pos
3634,neg
3635,neg
3636,neg
3637,neg
3638,neg
3639,neg
3640,neg
3641,neg
3642,neg
3643,neg
3644,neg
3645,neg
3646,neg
3647,neg
3648,neg
3649,neg
3650,neg
3651,neg
3652,neg
3653,neg
3654,neg
3655,neg
3656,neg
3657,neg
3658,neg
3659,neg
3660,neg
3661,neg
3662,neg
3663,neg
3664,neg
3665,neg
3666,neg
3667,neg
3668,neg
3669,neg
3670,neg
3671,neg
3672,neg
3673,neg
3674,neg
3675,neg
3676,neg
3677,neg
3678,neg
3679,neg
3680,neg
3681,neg
3682,neg
3683,neg
3684,neg
3685,neg
3686,neg
3687,neg
3688,neg
3689,neg
3690,neg
3691,neg
3692,neg
3693,neg
3694,neg
3695,neg
3696,neg
3697,neg
3698,neg
3699,neg
3700,neg
3701,neg
3702,neg
3703,neg
3704,neg
3705,neg
3706,neg
3707,neg
3708,neg
3709,neg
3710,neg
3711,neg
3712,neg
3713,neg
3714,neg
3715,neg
3716,neg
3717,neg
3718,neg
3719,neg
3720,neg
3721,neg
3722,neg
3723,neg
3724,neg
3725,neg
3726,neg
3727,neg
3728,neg
3729,neg
3730,neg
3731,neg
3732,neg
3733,neg
3734,neg
3735,neg
3736,neg
3737,neg
3738,neg
3739,neg
3740,neg
3741,neg
3742,neg
3743,neg
3744,neg
3745,neg
3746,neg
3747,neg
3748,neg
3749,neg
3750,neg
3751,neg
3752,neg
3753,neg
3754,neg
3755,neg
3756,neg
3757,neg
3758,neg
3759,neg
3760,neg
3761,neg
3762,neg
3763,neg
3764,neg
3765,neg
3766,neg
3767,neg
3768,neg
3769,neg
3770,neg
3771,neg
3772,neg
3773,neg
3774,neg
3775,neg
3776,neg
3777,neg
3778,neg
3779,neg
3780,neg
3781,neg
3782,neg
3783,neg
3784,neg
3785,neg
3786,neg
3787,neg
3788,neg
3789,neg
3790,neg
3791,neg
3792,neg
3793,neg
3794,neg
3795,neg
3796,neg
3797,neg
3798,neg
3799,neg
3800,neg
3801,neg
3802,neg
3803,neg
3804,neg
3805,neg
3806,neg
3807,neg
3808,neg
3809,neg
3810,neg
3811,neg
3812,neg
3813,neg
3814,neg
3815,neg
3816,neg
3817,neg
3818,neg
3819,neg
3820,neg
3821,neg
3822,neg
3823,neg
3824,neg
3825,neg
3826,neg
3827,neg
3828,neg
3829,neg
3830,neg
3831,neg
3832,neg
3833,neg
3834,neg
3835,neg
3836,neg
3837,pos
3838,neg
3839,neg
3840,neg
3841,neg
3842,neg
3843,neg
3844,neg
3845,neg
3846,neg
3847,neg
3848,neg
3849,neg
3850,neg
3851,neg
3852,neg
3853,neg
3854,neg
3855,pos
3856,neg
3857,neg
3858,neg
3859,neg
3860,neg
3861,neg
3862,neg
3863,neg
3864,neg
3865,neg
3866,neg
3867,neg
3868,neg
3869,neg
3870,neg
3871,neg
3872,neg
3873,neg
3874,neg
3875,neg
3876,neg
3877,neg
3878,neg
3879,neg
3880,neg
3881,neg
3882,neg
3883,neg
3884,neg
3885,neg
3886,neg
3887,neg
3888,pos
3889,neg
3890,neg
3891,neg
3892,neg
3893,neg
3894,neg
3895,neg
3896,neg
3897,neg
3898,neg
3899,neg
3900,neg
3901,neg
3902,neg
3903,neg
3904,neg
3905,neg
3906,neg
3907,neg
3908,neg
3909,neg
3910,neg
3911,neg
3912,neg
3913,neg
3914,neg
3915,neg
3916,neg
3917,neg
3918,neg
3919,neg
3920,neg
3921,neg
3922,neg
3923,neg
3924,neg
3925,neg
3926,neg
3927,neg
3928,neg
3929,neg
3930,neg
3931,neg
3932,neg
3933,neg
3934,neg
3935,neg
3936,neg
3937,neg
3938,neg
3939,neg
3940,neg
3941,neg
3942,neg
3943,neg
3944,neg
3945,neg
3946,neg
3947,neg
3948,neg
3949,neg
3950,neg
3951,neg
3952,neg
3953,neg
3954,neg
3955,neg
3956,neg
3957,neg
3958,neg
3959,neg
3960,neg
3961,neg
3962,neg
3963,neg
3964,neg
3965,neg
3966,neg
3967,neg
3968,neg
3969,neg
3970,neg
3971,neg
3972,neg
3973,neg
3974,neg
3975,neg
3976,neg
3977,neg
3978,pos
3979,neg
3980,neg
3981,neg
3982,neg
3983,neg
3984,neg
3985,neg
3986,neg
3987,pos
3988,neg
3989,neg
3990,neg
3991,neg
3992,neg
3993,neg
3994,neg
3995,neg
3996,neg
3997,neg
3998,neg
3999,neg
4000,neg
4001,neg
4002,neg
4003,neg
4004,neg
4005,neg
4006,neg
4007,neg
4008,neg
4009,neg
4010,neg
4011,neg
4012,neg
4013,neg
4014,neg
4015,neg
4016,neg
4017,neg
4018,neg
4019,neg
4020,neg
4021,neg
4022,neg
4023,neg
4024,neg
4025,neg
4026,neg
4027,neg
4028,neg
4029,neg
4030,neg
4031,pos
4032,neg
4033,neg
4034,neg
4035,neg
4036,neg
4037,neg
4038,neg
4039,neg
4040,neg
4041,neg
4042,neg
4043,neg
4044,neg
4045,neg
4046,neg
4047,neg
4048,neg
4049,neg
4050,pos
4051,neg
4052,neg
4053,neg
4054,neg
4055,neg
4056,neg
4057,neg
4058,pos
4059,neg
4060,neg
4061,neg
4062,neg
4063,neg
4064,neg
4065,neg
4066,neg
4067,neg
4068,neg
4069,neg
4070,neg
4071,neg
4072,pos
4073,neg
4074,neg
4075,neg
4076,neg
4077,neg
4078,neg
4079,neg
4080,neg
4081,neg
4082,neg
4083,neg
4084,neg
4085,neg
4086,neg
4087,neg
4088,neg
4089,neg
4090,neg
4091,neg
4092,neg
4093,neg
4094,neg
4095,neg
4096,neg
4097,neg
4098,neg
4099,neg
4100,neg
4101,neg
4102,neg
4103,neg
4104,neg
4105,neg
4106,neg
4107,neg
4108,neg
4109,neg
4110,neg
4111,neg
4112,neg
4113,neg
4114,neg
4115,neg
4116,pos
4117,neg
4118,neg
4119,neg
4120,neg
4121,neg
4122,neg
4123,neg
4124,neg
4125,neg
4126,neg
4127,neg
4128,neg
4129,neg
4130,neg
4131,neg
4132,neg
4133,neg
4134,neg
4135,neg
4136,neg
4137,neg
4138,neg
4139,neg
4140,pos
4141,neg
4142,neg
4143,neg
4144,neg
4145,neg
4146,neg
4147,neg
4148,neg
4149,pos
4150,neg
4151,neg
4152,neg
4153,neg
4154,neg
4155,neg
4156,neg
4157,neg
4158,neg
4159,neg
4160,neg
4161,neg
4162,neg
4163,neg
4164,neg
4165,neg
4166,neg
4167,neg
4168,neg
4169,neg
4170,neg
4171,neg
4172,neg
4173,neg
4174,neg
4175,neg
4176,neg
4177,neg
4178,neg
4179,neg
4180,neg
4181,neg
4182,neg
4183,neg
4184,neg
4185,neg
4186,neg
4187,neg
4188,neg
4189,neg
4190,neg
4191,neg
4192,neg
4193,neg
4194,neg
4195,neg
4196,neg
4197,neg
4198,neg
4199,neg
4200,neg
4201,neg
4202,neg
4203,neg
4204,neg
4205,neg
4206,neg
4207,neg
4208,neg
4209,neg
4210,neg
4211,neg
4212,neg
4213,neg
4214,neg
4215,neg
4216,neg
4217,neg
4218,neg
4219,neg
4220,neg
4221,neg
4222,neg
4223,neg
4224,neg
4225,neg
4226,neg
4227,neg
4228,neg
4229,neg
4230,neg
4231,neg
4232,neg
4233,neg
4234,neg
4235,neg
4236,neg
4237,neg
4238,neg
4239,neg
4240,neg
4241,neg
4242,neg
4243,neg
4244,neg
4245,neg
4246,neg
4247,neg
4248,neg
4249,neg
4250,neg
4251,neg
4252,neg
4253,neg
4254,neg
4255,neg
4256,neg
4257,neg
4258,neg
4259,neg
4260,neg
4261,neg
4262,neg
4263,neg
4264,neg
4265,neg
4266,neg
4267,neg
4268,neg
4269,neg
4270,neg
4271,neg
4272,neg
4273,neg
4274,neg
4275,neg
4276,neg
4277,neg
4278,pos
4279,neg
4280,neg
4281,neg
4282,neg
4283,neg
4284,neg
4285,neg
4286,neg
4287,neg
4288,neg
4289,neg
4290,neg
4291,neg
4292,neg
4293,neg
4294,neg
4295,neg
4296,neg
4297,neg
4298,neg
4299,neg
4300,neg
4301,neg
4302,neg
4303,neg
4304,neg
4305,neg
4306,neg
4307,neg
4308,neg
4309,neg
4310,neg
4311,neg
4312,neg
4313,neg
4314,neg
4315,neg
4316,neg
4317,neg
4318,neg
4319,neg
4320,neg
4321,neg
4322,neg
4323,neg
4324,neg
4325,neg
4326,neg
4327,neg
4328,neg
4329,neg
4330,pos
4331,neg
4332,neg
4333,neg
4334,neg
4335,neg
4336,neg
4337,neg
4338,neg
4339,neg
4340,neg
4341,neg
4342,neg
4343,neg
4344,neg
4345,neg
4346,neg
4347,neg
4348,neg
4349,neg
4350,neg
4351,neg
4352,neg
4353,neg
4354,neg
4355,neg
4356,neg
4357,neg
4358,neg
4359,neg
4360,neg
4361,neg
4362,neg
4363,neg
4364,neg
4365,neg
4366,neg
4367,neg
4368,neg
4369,neg
4370,neg
4371,neg
4372,neg
4373,neg
4374,neg
4375,neg
4376,neg
4377,neg
4378,neg
4379,neg
4380,neg
4381,neg
4382,neg
4383,neg
4384,neg
4385,neg
4386,neg
4387,neg
4388,neg
4389,neg
4390,neg
4391,neg
4392,neg
4393,neg
4394,neg
4395,neg
4396,neg
4397,neg
4398,neg
4399,neg
4400,neg
4401,neg
4402,neg
4403,neg
4404,neg
4405,neg
4406,neg
4407,neg
4408,neg
4409,neg
4410,neg
4411,neg
4412,neg
4413,neg
4414,neg
4415,neg
4416,neg
4417,neg
4418,neg
4419,neg
4420,neg
4421,neg
4422,neg
4423,neg
4424,neg
4425,neg
4426,neg
4427,neg
4428,neg
4429,neg
4430,neg
4431,neg
4432,neg
4433,neg
4434,neg
4435,neg
4436,neg
4437,neg
4438,neg
4439,neg
4440,neg
4441,neg
4442,neg
4443,neg
4444,neg
4445,pos
4446,neg
4447,neg
4448,neg
4449,neg
4450,neg
4451,neg
4452,neg
4453,neg
4454,neg
4455,neg
4456,neg
4457,neg
4458,neg
4459,neg
4460,neg
4461,neg
4462,neg
4463,neg
4464,neg
4465,neg
4466,neg
4467,neg
4468,neg
4469,neg
4470,neg
4471,neg
4472,neg
4473,neg
4474,neg
4475,neg
4476,neg
4477,neg
4478,neg
4479,neg
4480,neg
4481,neg
4482,neg
4483,neg
4484,neg
4485,neg
4486,neg
4487,neg
4488,neg
4489,neg
4490,neg
4491,neg
4492,neg
4493,neg
4494,neg
4495,neg
4496,neg
4497,neg
4498,neg
4499,neg
4500,neg
4501,neg
4502,neg
4503,neg
4504,neg
4505,neg
4506,neg
4507,neg
4508,neg
4509,neg
4510,neg
4511,neg
4512,neg
4513,neg
4514,neg
4515,neg
4516,neg
4517,neg
4518,neg
4519,neg
4520,neg
4521,neg
4522,neg
4523,neg
4524,neg
4525,neg
4526,neg
4527,neg
4528,neg
4529,neg
4530,neg
4531,neg
4532,neg
4533,neg
4534,neg
4535,neg
4536,neg
4537,neg
4538,neg
4539,neg
4540,neg
4541,neg
4542,neg
4543,neg
4544,neg
4545,neg
4546,neg
4547,neg
4548,neg
4549,neg
4550,neg
4551,neg
4552,neg
4553,neg
4554,neg
4555,neg
4556,neg
4557,neg
4558,neg
4559,neg
4560,neg
4561,neg
4562,neg
4563,neg
4564,neg
4565,neg
4566,neg
4567,neg
4568,neg
4569,neg
4570,neg
4571,neg
4572,neg
4573,neg
4574,neg
4575,neg
4576,neg
4577,neg
4578,neg
4579,neg
4580,neg
4581,neg
4582,neg
4583,neg
4584,neg
4585,neg
4586,neg
4587,neg
4588,neg
4589,neg
4590,neg
4591,neg
4592,neg
4593,neg
4594,neg
4595,neg
4596,neg
4597,neg
4598,neg
4599,neg
4600,neg
4601,neg
4602,neg
4603,neg
4604,neg
4605,neg
4606,neg
4607,neg
4608,neg
4609,neg
4610,neg
4611,neg
4612,neg
4613,neg
4614,neg
4615,neg
4616,pos
4617,neg
4618,neg
4619,neg
4620,neg
4621,neg
4622,neg
4623,neg
4624,neg
4625,neg
4626,neg
4627,neg
4628,neg
4629,neg
4630,neg
4631,neg
4632,neg
4633,neg
4634,neg
4635,neg
4636,neg
4637,neg
4638,neg
4639,neg
4640,neg
4641,neg
4642,neg
4643,neg
4644,neg
4645,neg
4646,pos
4647,neg
4648,neg
4649,neg
4650,neg
4651,neg
4652,neg
4653,neg
4654,neg
4655,neg
4656,neg
4657,neg
4658,neg
4659,neg
4660,neg
4661,neg
4662,neg
4663,neg
4664,neg
4665,neg
4666,neg
4667,neg
4668,neg
4669,neg
4670,neg
4671,neg
4672,neg
4673,neg
4674,neg
4675,neg
4676,neg
4677,neg
4678,neg
4679,neg
4680,neg
4681,neg
4682,neg
4683,neg
4684,neg
4685,neg
4686,neg
4687,neg
4688,neg
4689,neg
4690,neg
4691,neg
4692,neg
4693,pos
4694,neg
4695,neg
4696,neg
4697,neg
4698,neg
4699,neg
4700,neg
4701,neg
4702,neg
4703,neg
4704,neg
4705,neg
4706,neg
4707,neg
4708,neg
4709,neg
4710,neg
4711,neg
4712,neg
4713,neg
4714,neg
4715,neg
4716,neg
4717,neg
4718,neg
4719,neg
4720,neg
4721,neg
4722,neg
4723,pos
4724,neg
4725,neg
4726,neg
4727,neg
4728,neg
4729,neg
4730,neg
4731,neg
4732,neg
4733,neg
4734,neg
4735,neg
4736,neg
4737,pos
4738,neg
4739,neg
4740,neg
4741,neg
4742,neg
4743,neg
4744,neg
4745,neg
4746,neg
4747,neg
4748,neg
4749,neg
4750,neg
4751,neg
4752,neg
4753,neg
4754,neg
4755,pos
4756,neg
4757,neg
4758,neg
4759,neg
4760,neg
4761,neg
4762,neg
4763,neg
4764,neg
4765,neg
4766,neg
4767,neg
4768,neg
4769,neg
4770,pos
4771,neg
4772,neg
4773,neg
4774,neg
4775,neg
4776,neg
4777,neg
4778,neg
4779,neg
4780,neg
4781,neg
4782,neg
4783,neg
4784,neg
4785,neg
4786,pos
4787,neg
4788,neg
4789,neg
4790,neg
4791,neg
4792,neg
4793,neg
4794,neg
4795,neg
4796,neg
4797,neg
4798,neg
4799,neg
4800,neg
4801,neg
4802,neg
4803,neg
4804,neg
4805,neg
4806,neg
4807,neg
4808,neg
4809,neg
4810,neg
4811,neg
4812,neg
4813,neg
4814,neg
4815,neg
4816,neg
4817,neg
4818,neg
4819,neg
4820,neg
4821,neg
4822,neg
4823,neg
4824,neg
4825,neg
4826,neg
4827,neg
4828,neg
4829,neg
4830,neg
4831,neg
4832,neg
4833,neg
4834,neg
4835,neg
4836,neg
4837,neg
4838,neg
4839,neg
4840,neg
4841,neg
4842,neg
4843,neg
4844,neg
4845,neg
4846,neg
4847,neg
4848,neg
4849,neg
4850,neg
4851,neg
4852,neg
4853,neg
4854,neg
4855,neg
4856,neg
4857,neg
4858,neg
4859,neg
4860,neg
4861,neg
4862,neg
4863,neg
4864,neg
4865,neg
4866,neg
4867,neg
4868,neg
4869,neg
4870,neg
4871,pos
4872,neg
4873,neg
4874,neg
4875,neg
4876,neg
4877,neg
4878,neg
4879,neg
4880,neg
4881,neg
4882,neg
4883,neg
4884,neg
4885,neg
4886,neg
4887,neg
4888,neg
4889,neg
4890,neg
4891,neg
4892,neg
4893,neg
4894,neg
4895,pos
4896,neg
4897,neg
4898,neg
4899,neg
4900,neg
4901,neg
4902,neg
4903,neg
4904,neg
4905,neg
4906,neg
4907,neg
4908,neg
4909,neg
4910,neg
4911,neg
4912,neg
4913,neg
4914,neg
4915,neg
4916,neg
4917,neg
4918,neg
4919,neg
4920,neg
4921,neg
4922,neg
4923,neg
4924,neg
4925,neg
4926,neg
4927,neg
4928,neg
4929,neg
4930,neg
4931,neg
4932,neg
4933,neg
4934,neg
4935,neg
4936,neg
4937,neg
4938,neg
4939,neg
4940,neg
4941,pos
4942,neg
4943,neg
4944,neg
4945,neg
4946,neg
4947,neg
4948,neg
4949,neg
4950,neg
4951,neg
4952,neg
4953,neg
4954,neg
4955,neg
4956,neg
4957,neg
4958,neg
4959,neg
4960,neg
4961,neg
4962,neg
4963,neg
4964,neg
4965,neg
4966,neg
4967,neg
4968,neg
4969,neg
4970,neg
4971,neg
4972,neg
4973,neg
4974,neg
4975,neg
4976,neg
4977,neg
4978,neg
4979,neg
4980,neg
4981,neg
4982,neg
4983,neg
4984,neg
4985,neg
4986,neg
4987,neg
4988,neg
4989,neg
4990,neg
4991,neg
4992,neg
4993,neg
4994,neg
4995,neg
4996,neg
4997,neg
4998,pos
4999,neg
5000,neg
5001,neg
5002,neg
5003,neg
5004,neg
5005,neg
5006,neg
5007,neg
5008,neg
5009,neg
5010,neg
5011,neg
5012,neg
5013,neg
5014,neg
5015,neg
5016,neg
5017,neg
5018,neg
5019,neg
5020,neg
5021,neg
5022,neg
5023,neg
5024,neg
5025,neg
5026,neg
5027,neg
5028,neg
5029,neg
5030,neg
5031,neg
5032,neg
5033,neg
5034,neg
5035,neg
5036,neg
5037,neg
5038,neg
5039,neg
5040,neg
5041,neg
5042,pos
5043,neg
5044,neg
5045,neg
5046,neg
5047,neg
5048,neg
5049,neg
5050,neg
5051,neg
5052,neg
5053,neg
5054,neg
5055,neg
5056,neg
5057,neg
5058,neg
5059,neg
5060,neg
5061,neg
5062,neg
5063,neg
5064,neg
5065,neg
5066,neg
5067,neg
5068,neg
5069,neg
5070,neg
5071,neg
5072,neg
5073,neg
5074,neg
5075,neg
5076,neg
5077,neg
5078,neg
5079,neg
5080,neg
5081,neg
5082,neg
5083,neg
5084,neg
5085,neg
5086,neg
5087,neg
5088,neg
5089,neg
5090,neg
5091,neg
5092,neg
5093,neg
5094,neg
5095,pos
5096,neg
5097,neg
5098,neg
5099,neg
5100,neg
5101,neg
5102,neg
5103,neg
5104,neg
5105,neg
5106,neg
5107,neg
5108,neg
5109,neg
5110,neg
5111,neg
5112,neg
5113,neg
5114,neg
5115,neg
5116,neg
5117,neg
5118,neg
5119,neg
5120,neg
5121,neg
5122,neg
5123,neg
5124,neg
5125,neg
5126,neg
5127,neg
5128,neg
5129,neg
5130,neg
5131,neg
5132,neg
5133,neg
5134,neg
5135,pos
5136,neg
5137,neg
5138,neg
5139,neg
5140,neg
5141,neg
5142,neg
5143,pos
5144,neg
5145,neg
5146,neg
5147,neg
5148,neg
5149,neg
5150,neg
5151,neg
5152,neg
5153,neg
5154,neg
5155,neg
5156,neg
5157,neg
5158,neg
5159,neg
5160,neg
5161,neg
5162,neg
5163,neg
5164,neg
5165,neg
5166,neg
5167,neg
5168,neg
5169,neg
5170,neg
5171,neg
5172,neg
5173,neg
5174,neg
5175,neg
5176,neg
5177,neg
5178,neg
5179,neg
5180,neg
5181,neg
5182,neg
5183,neg
5184,neg
5185,neg
5186,neg
5187,neg
5188,neg
5189,neg
5190,neg
5191,neg
5192,neg
5193,neg
5194,neg
5195,neg
5196,neg
5197,neg
5198,neg
5199,neg
5200,neg
5201,neg
5202,neg
5203,neg
5204,neg
5205,neg
5206,neg
5207,neg
5208,neg
5209,neg
5210,neg
5211,neg
5212,neg
5213,neg
5214,neg
5215,neg
5216,pos
5217,neg
5218,neg
5219,neg
5220,neg
5221,neg
5222,neg
5223,neg
5224,neg
5225,neg
5226,neg
5227,neg
5228,neg
5229,neg
5230,neg
5231,neg
5232,neg
5233,neg
5234,neg
5235,neg
5236,neg
5237,neg
5238,neg
5239,neg
5240,neg
5241,neg
5242,neg
5243,neg
5244,neg
5245,neg
5246,neg
5247,neg
5248,neg
5249,neg
5250,neg
5251,neg
5252,neg
5253,neg
5254,neg
5255,neg
5256,neg
5257,neg
5258,neg
5259,neg
5260,neg
5261,neg
5262,neg
5263,neg
5264,neg
5265,neg
5266,neg
5267,neg
5268,neg
5269,neg
5270,neg
5271,neg
5272,neg
5273,neg
5274,neg
5275,neg
5276,neg
5277,neg
5278,neg
5279,neg
5280,neg
5281,neg
5282,neg
5283,neg
5284,neg
5285,neg
5286,neg
5287,neg
5288,neg
5289,neg
5290,neg
5291,neg
5292,neg
5293,neg
5294,neg
5295,neg
5296,neg
5297,neg
5298,neg
5299,neg
5300,neg
5301,neg
5302,neg
5303,neg
5304,neg
5305,neg
5306,neg
5307,neg
5308,neg
5309,neg
5310,neg
5311,neg
5312,neg
5313,pos
5314,neg
5315,neg
5316,neg
5317,neg
5318,neg
5319,neg
5320,neg
5321,neg
5322,neg
5323,neg
5324,neg
5325,neg
5326,neg
5327,neg
5328,neg
5329,neg
5330,neg
5331,neg
5332,neg
5333,neg
5334,neg
5335,neg
5336,neg
5337,neg
5338,neg
5339,neg
5340,neg
5341,neg
5342,neg
5343,neg
5344,neg
5345,neg
5346,neg
5347,neg
5348,neg
5349,neg
5350,neg
5351,neg
5352,neg
5353,neg
5354,neg
5355,neg
5356,neg
5357,neg
5358,neg
5359,neg
5360,neg
5361,neg
5362,neg
5363,neg
5364,pos
5365,neg
5366,neg
5367,neg
5368,neg
5369,neg
5370,neg
5371,neg
5372,neg
5373,neg
5374,neg
5375,neg
5376,pos
5377,neg
5378,neg
5379,neg
5380,neg
5381,neg
5382,neg
5383,neg
5384,neg
5385,neg
5386,neg
5387,neg
5388,neg
5389,neg
5390,neg
5391,neg
5392,pos
5393,neg
5394,neg
5395,neg
5396,neg
5397,neg
5398,neg
5399,neg
5400,neg
5401,neg
5402,neg
5403,pos
5404,neg
5405,neg
5406,neg
5407,neg
5408,neg
5409,neg
5410,neg
5411,neg
5412,neg
5413,neg
5414,neg
5415,neg
5416,neg
5417,neg
5418,neg
5419,neg
5420,neg
5421,neg
5422,neg
5423,neg
5424,neg
5425,neg
5426,neg
5427,neg
5428,neg
5429,neg
5430,neg
5431,neg
5432,neg
5433,neg
5434,neg
5435,neg
5436,neg
5437,neg
5438,neg
5439,neg
5440,neg
5441,neg
5442,neg
5443,neg
5444,pos
5445,neg
5446,neg
5447,neg
5448,neg
5449,neg
5450,neg
5451,neg
5452,neg
5453,neg
5454,neg
5455,neg
5456,neg
5457,neg
5458,neg
5459,neg
5460,neg
5461,neg
5462,neg
5463,neg
5464,neg
5465,neg
5466,neg
5467,neg
5468,neg
5469,neg
5470,neg
5471,neg
5472,neg
5473,neg
5474,neg
5475,neg
5476,neg
5477,neg
5478,neg
5479,neg
5480,neg
5481,neg
5482,neg
5483,neg
5484,neg
5485,neg
5486,neg
5487,neg
5488,neg
5489,neg
5490,neg
5491,neg
5492,neg
5493,neg
5494,neg
5495,neg
5496,pos
5497,neg
5498,neg
5499,neg
5500,neg
5501,neg
5502,neg
5503,neg
5504,neg
5505,neg
5506,neg
5507,neg
5508,neg
5509,neg
5510,neg
5511,neg
5512,neg
5513,neg
5514,neg
5515,neg
5516,neg
5517,neg
5518,neg
5519,neg
5520,neg
5521,neg
5522,neg
5523,neg
5524,neg
5525,neg
5526,neg
5527,neg
5528,neg
5529,neg
5530,neg
5531,neg
5532,neg
5533,neg
5534,neg
5535,neg
5536,neg
5537,neg
5538,neg
5539,neg
5540,neg
5541,neg
5542,neg
5543,neg
5544,neg
5545,neg
5546,neg
5547,neg
5548,neg
5549,neg
5550,neg
5551,neg
5552,neg
5553,neg
5554,neg
5555,neg
5556,neg
5557,neg
5558,neg
5559,neg
5560,neg
5561,neg
5562,neg
5563,neg
5564,neg
5565,neg
5566,neg
5567,neg
5568,neg
5569,neg
5570,neg
5571,neg
5572,neg
5573,neg
5574,neg
5575,neg
5576,neg
5577,neg
5578,neg
5579,neg
5580,neg
5581,neg
5582,neg
5583,neg
5584,neg
5585,neg
5586,neg
5587,neg
5588,neg
5589,neg
5590,neg
5591,neg
5592,neg
5593,neg
5594,neg
5595,neg
5596,neg
5597,neg
5598,neg
5599,neg
5600,neg
5601,neg
5602,neg
5603,neg
5604,neg
5605,neg
5606,neg
5607,neg
5608,neg
5609,neg
5610,neg
5611,neg
5612,neg
5613,neg
5614,neg
5615,neg
5616,neg
5617,neg
5618,pos
5619,neg
5620,neg
5621,neg
5622,neg
5623,neg
5624,neg
5625,neg
5626,neg
5627,neg
5628,neg
5629,neg
5630,neg
5631,neg
5632,neg
5633,neg
5634,neg
5635,neg
5636,neg
5637,neg
5638,neg
5639,neg
5640,neg
5641,neg
5642,neg
5643,neg
5644,neg
5645,neg
5646,neg
5647,neg
5648,neg
5649,neg
5650,neg
5651,neg
5652,neg
5653,neg
5654,neg
5655,neg
5656,neg
5657,neg
5658,neg
5659,neg
5660,neg
5661,neg
5662,neg
5663,neg
5664,neg
5665,neg
5666,neg
5667,neg
5668,neg
5669,neg
5670,neg
5671,neg
5672,neg
5673,neg
5674,neg
5675,neg
5676,neg
5677,neg
5678,neg
5679,neg
5680,neg
5681,neg
5682,neg
5683,neg
5684,neg
5685,neg
5686,neg
5687,neg
5688,neg
5689,neg
5690,neg
5691,neg
5692,neg
5693,neg
5694,neg
5695,neg
5696,neg
5697,neg
5698,neg
5699,neg
5700,neg
5701,neg
5702,neg
5703,neg
5704,neg
5705,neg
5706,neg
5707,neg
5708,neg
5709,neg
5710,neg
5711,neg
5712,neg
5713,neg
5714,neg
5715,neg
5716,neg
5717,neg
5718,neg
5719,neg
5720,neg
5721,neg
5722,neg
5723,neg
5724,neg
5725,neg
5726,neg
5727,neg
5728,neg
5729,neg
5730,pos
5731,neg
5732,neg
5733,neg
5734,pos
5735,neg
5736,neg
5737,neg
5738,pos
5739,neg
5740,neg
5741,neg
5742,neg
5743,neg
5744,neg
5745,neg
5746,neg
5747,neg
5748,neg
5749,neg
5750,neg
5751,neg
5752,neg
5753,neg
5754,neg
5755,neg
5756,neg
5757,neg
5758,neg
5759,neg
5760,neg
5761,neg
5762,neg
5763,neg
5764,neg
5765,neg
5766,neg
5767,neg
5768,neg
5769,neg
5770,neg
5771,neg
5772,neg
5773,neg
5774,neg
5775,neg
5776,neg
5777,neg
5778,neg
5779,neg
5780,neg
5781,neg
5782,neg
5783,neg
5784,neg
5785,neg
5786,neg
5787,neg
5788,neg
5789,neg
5790,neg
5791,neg
5792,neg
5793,neg
5794,neg
5795,neg
5796,neg
5797,neg
5798,neg
5799,neg
5800,neg
5801,neg
5802,neg
5803,neg
5804,neg
5805,neg
5806,neg
5807,neg
5808,neg
5809,neg
5810,neg
5811,neg
5812,neg
5813,neg
5814,neg
5815,pos
5816,neg
5817,neg
5818,neg
5819,neg
5820,neg
5821,neg
5822,neg
5823,neg
5824,neg
5825,neg
5826,neg
5827,neg
5828,neg
5829,neg
5830,neg
5831,neg
5832,neg
5833,neg
5834,neg
5835,neg
5836,neg
5837,neg
5838,neg
5839,neg
5840,neg
5841,neg
5842,neg
5843,pos
5844,neg
5845,neg
5846,neg
5847,neg
5848,neg
5849,neg
5850,neg
5851,neg
5852,neg
5853,neg
5854,neg
5855,neg
5856,neg
5857,neg
5858,neg
5859,neg
5860,neg
5861,neg
5862,neg
5863,neg
5864,neg
5865,neg
5866,neg
5867,neg
5868,neg
5869,neg
5870,neg
5871,neg
5872,neg
5873,neg
5874,neg
5875,neg
5876,pos
5877,neg
5878,neg
5879,neg
5880,neg
5881,neg
5882,neg
5883,neg
5884,neg
5885,neg
5886,neg
5887,neg
5888,neg
5889,neg
5890,neg
5891,neg
5892,neg
5893,neg
5894,neg
5895,neg
5896,neg
5897,neg
5898,neg
5899,neg
5900,neg
5901,neg
5902,neg
5903,neg
5904,neg
5905,neg
5906,neg
5907,neg
5908,neg
5909,neg
5910,neg
5911,neg
5912,pos
5913,neg
5914,neg
5915,neg
5916,neg
5917,pos
5918,neg
5919,neg
5920,neg
5921,neg
5922,neg
5923,neg
5924,neg
5925,neg
5926,neg
5927,neg
5928,pos
5929,neg
5930,neg
5931,neg
5932,neg
5933,neg
5934,neg
5935,neg
5936,neg
5937,neg
5938,neg
5939,neg
5940,neg
5941,neg
5942,neg
5943,neg
5944,neg
5945,pos
5946,neg
5947,neg
5948,neg
5949,neg
5950,neg
5951,neg
5952,neg
5953,neg
5954,neg
5955,neg
5956,neg
5957,neg
5958,neg
5959,neg
5960,neg
5961,neg
5962,neg
5963,neg
5964,neg
5965,neg
5966,neg
5967,neg
5968,neg
5969,neg
5970,neg
5971,neg
5972,neg
5973,neg
5974,neg
5975,neg
5976,neg
5977,neg
5978,neg
5979,neg
5980,neg
5981,neg
5982,neg
5983,pos
5984,neg
5985,neg
5986,neg
5987,neg
5988,neg
5989,neg
5990,neg
5991,neg
5992,neg
5993,neg
5994,neg
5995,neg
5996,neg
5997,neg
5998,neg
5999,neg
6000,neg
6001,neg
6002,neg
6003,neg
6004,neg
6005,neg
6006,neg
6007,neg
6008,neg
6009,neg
6010,neg
6011,neg
6012,neg
6013,neg
6014,neg
6015,neg
6016,pos
6017,neg
6018,neg
6019,neg
6020,pos
6021,neg
6022,neg
6023,neg
6024,neg
6025,neg
6026,neg
6027,neg
6028,pos
6029,neg
6030,neg
6031,neg
6032,neg
6033,neg
6034,neg
6035,neg
6036,neg
6037,neg
6038,neg
6039,neg
6040,neg
6041,neg
6042,neg
6043,neg
6044,neg
6045,neg
6046,neg
6047,neg
6048,neg
6049,neg
6050,neg
6051,neg
6052,neg
6053,neg
6054,neg
6055,neg
6056,neg
6057,neg
6058,neg
6059,neg
6060,neg
6061,neg
6062,neg
6063,neg
6064,neg
6065,neg
6066,neg
6067,neg
6068,neg
6069,neg
6070,neg
6071,pos
6072,neg
6073,neg
6074,neg
6075,neg
6076,neg
6077,neg
6078,neg
6079,neg
6080,neg
6081,neg
6082,neg
6083,neg
6084,neg
6085,neg
6086,neg
6087,neg
6088,neg
6089,neg
6090,neg
6091,neg
6092,neg
6093,neg
6094,neg
6095,neg
6096,neg
6097,neg
6098,neg
6099,neg
6100,neg
6101,neg
6102,neg
6103,neg
6104,neg
6105,neg
6106,neg
6107,neg
6108,neg
6109,neg
6110,neg
6111,neg
6112,neg
6113,neg
6114,neg
6115,neg
6116,neg
6117,neg
6118,neg
6119,pos
6120,neg
6121,neg
6122,neg
6123,neg
6124,neg
6125,neg
6126,neg
6127,neg
6128,neg
6129,neg
6130,neg
6131,neg
6132,neg
6133,neg
6134,neg
6135,neg
6136,neg
6137,neg
6138,neg
6139,neg
6140,neg
6141,neg
6142,neg
6143,neg
6144,neg
6145,neg
6146,neg
6147,neg
6148,neg
6149,neg
6150,neg
6151,neg
6152,neg
6153,neg
6154,neg
6155,neg
6156,neg
6157,neg
6158,neg
6159,neg
6160,neg
6161,neg
6162,neg
6163,pos
6164,neg
6165,neg
6166,neg
6167,neg
6168,neg
6169,neg
6170,neg
6171,neg
6172,neg
6173,neg
6174,neg
6175,neg
6176,neg
6177,neg
6178,neg
6179,neg
6180,neg
6181,neg
6182,neg
6183,neg
6184,neg
6185,neg
6186,neg
6187,neg
6188,neg
6189,neg
6190,neg
6191,neg
6192,neg
6193,neg
6194,neg
6195,neg
6196,neg
6197,neg
6198,neg
6199,neg
6200,neg
6201,neg
6202,neg
6203,neg
6204,neg
6205,pos
6206,neg
6207,neg
6208,neg
6209,neg
6210,neg
6211,neg
6212,neg
6213,neg
6214,neg
6215,neg
6216,neg
6217,neg
6218,neg
6219,neg
6220,neg
6221,neg
6222,neg
6223,neg
6224,neg
6225,neg
6226,neg
6227,neg
6228,neg
6229,neg
6230,neg
6231,neg
6232,neg
6233,neg
6234,neg
6235,neg
6236,neg
6237,neg
6238,neg
6239,neg
6240,neg
6241,neg
6242,neg
6243,neg
6244,neg
6245,neg
6246,neg
6247,pos
6248,neg
6249,neg
6250,neg
6251,pos
6252,neg
6253,neg
6254,neg
6255,neg
6256,neg
6257,neg
6258,neg
6259,neg
6260,neg
6261,neg
6262,neg
6263,neg
6264,neg
6265,neg
6266,neg
6267,neg
6268,neg
6269,neg
6270,neg
6271,neg
6272,neg
6273,neg
6274,neg
6275,neg
6276,neg
6277,neg
6278,neg
6279,pos
6280,neg
6281,neg
6282,neg
6283,neg
6284,neg
6285,neg
6286,neg
6287,neg
6288,neg
6289,neg
6290,neg
6291,neg
6292,neg
6293,neg
6294,neg
6295,neg
6296,neg
6297,neg
6298,neg
6299,neg
6300,neg
6301,neg
6302,neg
6303,neg
6304,neg
6305,neg
6306,neg
6307,neg
6308,neg
6309,neg
6310,neg
6311,neg
6312,pos
6313,neg
6314,neg
6315,neg
6316,neg
6317,neg
6318,neg
6319,neg
6320,neg
6321,neg
6322,neg
6323,neg
6324,neg
6325,neg
6326,neg
6327,neg
6328,neg
6329,neg
6330,pos
6331,neg
6332,neg
6333,neg
6334,neg
6335,neg
6336,neg
6337,neg
6338,neg
6339,neg
6340,neg
6341,neg
6342,neg
6343,neg
6344,neg
6345,neg
6346,neg
6347,neg
6348,neg
6349,neg
6350,neg
6351,neg
6352,neg
6353,neg
6354,neg
6355,neg
6356,neg
6357,neg
6358,neg
6359,neg
6360,neg
6361,neg
6362,neg
6363,neg
6364,neg
6365,neg
6366,neg
6367,neg
6368,neg
6369,neg
6370,neg
6371,neg
6372,neg
6373,neg
6374,neg
6375,neg
6376,neg
6377,neg
6378,neg
6379,neg
6380,neg
6381,neg
6382,neg
6383,neg
6384,neg
6385,neg
6386,neg
6387,neg
6388,neg
6389,neg
6390,neg
6391,neg
6392,neg
6393,neg
6394,neg
6395,neg
6396,neg
6397,neg
6398,neg
6399,neg
6400,neg
6401,neg
6402,neg
6403,neg
6404,neg
6405,neg
6406,neg
6407,neg
6408,neg
6409,neg
6410,neg
6411,neg
6412,neg
6413,neg
6414,neg
6415,neg
6416,neg
6417,neg
6418,neg
6419,neg
6420,neg
6421,neg
6422,neg
6423,neg
6424,neg
6425,neg
6426,neg
6427,neg
6428,pos
6429,neg
6430,neg
6431,neg
6432,neg
6433,neg
6434,neg
6435,neg
6436,neg
6437,neg
6438,neg
6439,neg
6440,neg
6441,neg
6442,neg
6443,neg
6444,neg
6445,neg
6446,neg
6447,neg
6448,neg
6449,neg
6450,neg
6451,neg
6452,neg
6453,neg
6454,neg
6455,neg
6456,neg
6457,neg
6458,neg
6459,neg
6460,neg
6461,neg
6462,neg
6463,neg
6464,neg
6465,neg
6466,neg
6467,neg
6468,neg
6469,neg
6470,neg
6471,neg
6472,neg
6473,neg
6474,neg
6475,neg
6476,neg
6477,neg
6478,neg
6479,neg
6480,pos
6481,neg
6482,neg
6483,neg
6484,neg
6485,neg
6486,neg
6487,neg
6488,neg
6489,neg
6490,neg
6491,neg
6492,neg
6493,neg
6494,neg
6495,neg
6496,neg
6497,neg
6498,neg
6499,neg
6500,neg
6501,neg
6502,neg
6503,neg
6504,neg
6505,neg
6506,neg
6507,neg
6508,neg
6509,neg
6510,neg
6511,neg
6512,neg
6513,neg
6514,neg
6515,neg
6516,neg
6517,neg
6518,neg
6519,neg
6520,neg
6521,neg
6522,neg
6523,neg
6524,neg
6525,neg
6526,neg
6527,neg
6528,neg
6529,neg
6530,neg
6531,neg
6532,neg
6533,neg
6534,neg
6535,neg
6536,neg
6537,neg
6538,neg
6539,neg
6540,neg
6541,neg
6542,neg
6543,neg
6544,neg
6545,neg
6546,neg
6547,neg
6548,neg
6549,neg
6550,neg
6551,neg
6552,neg
6553,neg
6554,neg
6555,neg
6556,neg
6557,neg
6558,neg
6559,neg
6560,neg
6561,neg
6562,neg
6563,neg
6564,neg
6565,neg
6566,neg
6567,neg
6568,neg
6569,neg
6570,neg
6571,neg
6572,neg
6573,neg
6574,neg
6575,neg
6576,neg
6577,neg
6578,neg
6579,neg
6580,neg
6581,neg
6582,neg
6583,neg
6584,neg
6585,neg
6586,neg
6587,neg
6588,neg
6589,neg
6590,neg
6591,neg
6592,neg
6593,neg
6594,neg
6595,neg
6596,neg
6597,neg
6598,neg
6599,neg
6600,neg
6601,neg
6602,neg
6603,neg
6604,neg
6605,neg
6606,neg
6607,neg
6608,neg
6609,pos
6610,neg
6611,neg
6612,neg
6613,neg
6614,neg
6615,neg
6616,neg
6617,neg
6618,neg
6619,neg
6620,neg
6621,neg
6622,neg
6623,neg
6624,neg
6625,neg
6626,neg
6627,neg
6628,neg
6629,neg
6630,neg
6631,neg
6632,neg
6633,neg
6634,neg
6635,neg
6636,neg
6637,neg
6638,neg
6639,neg
6640,neg
6641,neg
6642,neg
6643,neg
6644,neg
6645,neg
6646,neg
6647,neg
6648,neg
6649,neg
6650,neg
6651,neg
6652,neg
6653,neg
6654,neg
6655,pos
6656,neg
6657,neg
6658,neg
6659,neg
6660,neg
6661,neg
6662,neg
6663,neg
6664,neg
6665,neg
6666,neg
6667,neg
6668,neg
6669,neg
6670,neg
6671,neg
6672,neg
6673,neg
6674,neg
6675,neg
6676,neg
6677,neg
6678,neg
6679,neg
6680,neg
6681,neg
6682,neg
6683,neg
6684,neg
6685,neg
6686,neg
6687,neg
6688,neg
6689,neg
6690,neg
6691,neg
6692,neg
6693,neg
6694,neg
6695,neg
6696,neg
6697,neg
6698,neg
6699,neg
6700,neg
6701,neg
6702,neg
6703,neg
6704,neg
6705,neg
6706,neg
6707,neg
6708,neg
6709,neg
6710,neg
6711,neg
6712,neg
6713,neg
6714,neg
6715,neg
6716,neg
6717,neg
6718,neg
6719,neg
6720,neg
6721,neg
6722,neg
6723,neg
6724,neg
6725,pos
6726,neg
6727,neg
6728,neg
6729,neg
6730,neg
6731,neg
6732,neg
6733,neg
6734,neg
6735,neg
6736,neg
6737,neg
6738,neg
6739,neg
6740,neg
6741,neg
6742,neg
6743,neg
6744,neg
6745,neg
6746,neg
6747,neg
6748,neg
6749,neg
6750,neg
6751,neg
6752,neg
6753,neg
6754,neg
6755,neg
6756,neg
6757,neg
6758,neg
6759,neg
6760,neg
6761,neg
6762,neg
6763,neg
6764,neg
6765,neg
6766,neg
6767,neg
6768,pos
6769,neg
6770,neg
6771,neg
6772,neg
6773,neg
6774,neg
6775,neg
6776,neg
6777,neg
6778,neg
6779,pos
6780,neg
6781,neg
6782,neg
6783,neg
6784,neg
6785,neg
6786,neg
6787,pos
6788,neg
6789,neg
6790,neg
6791,neg
6792,neg
6793,neg
6794,neg
6795,neg
6796,neg
6797,neg
6798,neg
6799,neg
6800,pos
6801,neg
6802,neg
6803,neg
6804,neg
6805,neg
6806,neg
6807,pos
6808,neg
6809,neg
6810,neg
6811,neg
6812,neg
6813,pos
6814,neg
6815,pos
6816,neg
6817,neg
6818,neg
6819,neg
6820,neg
6821,neg
6822,neg
6823,neg
6824,neg
6825,neg
6826,neg
6827,neg
6828,pos
6829,neg
6830,neg
6831,neg
6832,neg
6833,neg
6834,neg
6835,neg
6836,neg
6837,neg
6838,neg
6839,neg
6840,neg
6841,neg
6842,neg
6843,neg
6844,neg
6845,neg
6846,neg
6847,neg
6848,neg
6849,neg
6850,neg
6851,neg
6852,neg
6853,neg
6854,neg
6855,neg
6856,neg
6857,neg
6858,neg
6859,neg
6860,neg
6861,neg
6862,neg
6863,neg
6864,neg
6865,neg
6866,neg
6867,neg
6868,neg
6869,neg
6870,neg
6871,neg
6872,neg
6873,neg
6874,neg
6875,neg
6876,neg
6877,neg
6878,neg
6879,neg
6880,neg
6881,neg
6882,neg
6883,neg
6884,neg
6885,neg
6886,neg
6887,neg
6888,neg
6889,neg
6890,neg
6891,neg
6892,neg
6893,neg
6894,neg
6895,neg
6896,neg
6897,neg
6898,neg
6899,neg
6900,neg
6901,pos
6902,neg
6903,neg
6904,neg
6905,neg
6906,pos
6907,neg
6908,neg
6909,neg
6910,pos
6911,neg
6912,neg
6913,neg
6914,neg
6915,neg
6916,neg
6917,neg
6918,neg
6919,neg
6920,neg
6921,neg
6922,neg
6923,neg
6924,neg
6925,neg
6926,neg
6927,neg
6928,neg
6929,neg
6930,neg
6931,neg
6932,neg
6933,neg
6934,neg
6935,neg
6936,neg
6937,neg
6938,neg
6939,neg
6940,neg
6941,neg
6942,neg
6943,neg
6944,neg
6945,neg
6946,neg
6947,neg
6948,neg
6949,neg
6950,neg
6951,neg
6952,neg
6953,neg
6954,neg
6955,neg
6956,neg
6957,neg
6958,neg
6959,neg
6960,neg
6961,neg
6962,neg
6963,neg
6964,neg
6965,pos
6966,neg
6967,neg
6968,neg
6969,neg
6970,neg
6971,neg
6972,neg
6973,neg
6974,neg
6975,neg
6976,neg
6977,neg
6978,neg
6979,neg
6980,neg
6981,neg
6982,neg
6983,neg
6984,neg
6985,pos
6986,neg
6987,neg
6988,neg
6989,neg
6990,neg
6991,neg
6992,neg
6993,neg
6994,neg
6995,neg
6996,neg
6997,neg
6998,neg
6999,neg
7000,neg
7001,neg
7002,neg
7003,neg
7004,neg
7005,neg
7006,neg
7007,neg
7008,neg
7009,neg
7010,neg
7011,neg
7012,neg
7013,neg
7014,neg
7015,neg
7016,neg
7017,neg
7018,neg
7019,neg
7020,neg
7021,neg
7022,neg
7023,neg
7024,neg
7025,neg
7026,neg
7027,pos
7028,neg
7029,neg
7030,neg
7031,neg
7032,neg
7033,neg
7034,neg
7035,neg
7036,neg
7037,neg
7038,neg
7039,neg
7040,neg
7041,neg
7042,neg
7043,neg
7044,neg
7045,neg
7046,neg
7047,neg
7048,neg
7049,neg
7050,neg
7051,neg
7052,neg
7053,neg
7054,neg
7055,neg
7056,neg
7057,neg
7058,neg
7059,neg
7060,neg
7061,neg
7062,neg
7063,neg
7064,neg
7065,neg
7066,neg
7067,neg
7068,neg
7069,neg
7070,neg
7071,neg
7072,neg
7073,neg
7074,neg
7075,neg
7076,neg
7077,neg
7078,neg
7079,neg
7080,neg
7081,neg
7082,neg
7083,neg
7084,neg
7085,neg
7086,neg
7087,neg
7088,neg
7089,neg
7090,neg
7091,neg
7092,neg
7093,neg
7094,neg
7095,neg
7096,neg
7097,neg
7098,neg
7099,neg
7100,neg
7101,pos
7102,neg
7103,neg
7104,neg
7105,neg
7106,neg
7107,neg
7108,neg
7109,neg
7110,neg
7111,neg
7112,neg
7113,neg
7114,neg
7115,neg
7116,neg
7117,neg
7118,neg
7119,neg
7120,neg
7121,neg
7122,neg
7123,neg
7124,neg
7125,neg
7126,neg
7127,neg
7128,pos
7129,neg
7130,neg
7131,neg
7132,neg
7133,neg
7134,neg
7135,neg
7136,neg
7137,neg
7138,neg
7139,neg
7140,neg
7141,neg
7142,neg
7143,neg
7144,neg
7145,neg
7146,neg
7147,neg
7148,neg
7149,neg
7150,neg
7151,neg
7152,neg
7153,neg
7154,neg
7155,neg
7156,neg
7157,neg
7158,neg
7159,neg
7160,neg
7161,neg
7162,neg
7163,neg
7164,neg
7165,neg
7166,neg
7167,neg
7168,neg
7169,neg
7170,pos
7171,neg
7172,pos
7173,neg
7174,neg
7175,neg
7176,neg
7177,neg
7178,neg
7179,neg
7180,neg
7181,neg
7182,neg
7183,neg
7184,neg
7185,neg
7186,neg
7187,neg
7188,neg
7189,neg
7190,neg
7191,neg
7192,neg
7193,neg
7194,neg
7195,neg
7196,neg
7197,pos
7198,neg
7199,neg
7200,neg
7201,neg
7202,neg
7203,neg
7204,neg
7205,neg
7206,neg
7207,neg
7208,neg
7209,neg
7210,neg
7211,neg
7212,neg
7213,neg
7214,neg
7215,neg
7216,neg
7217,neg
7218,neg
7219,neg
7220,neg
7221,neg
7222,neg
7223,neg
7224,neg
7225,neg
7226,neg
7227,neg
7228,neg
7229,neg
7230,neg
7231,neg
7232,neg
7233,pos
7234,neg
7235,neg
7236,neg
7237,neg
7238,pos
7239,neg
7240,neg
7241,neg
7242,neg
7243,neg
7244,neg
7245,neg
7246,neg
7247,neg
7248,neg
7249,neg
7250,neg
7251,neg
7252,neg
7253,neg
7254,neg
7255,neg
7256,neg
7257,neg
7258,neg
7259,neg
7260,neg
7261,neg
7262,neg
7263,neg
7264,neg
7265,neg
7266,neg
7267,neg
7268,neg
7269,neg
7270,neg
7271,neg
7272,neg
7273,neg
7274,neg
7275,neg
7276,neg
7277,neg
7278,neg
7279,neg
7280,neg
7281,neg
7282,neg
7283,neg
7284,neg
7285,neg
7286,neg
7287,neg
7288,neg
7289,neg
7290,neg
7291,neg
7292,neg
7293,neg
7294,neg
7295,neg
7296,neg
7297,neg
7298,neg
7299,neg
7300,neg
7301,neg
7302,neg
7303,neg
7304,neg
7305,neg
7306,neg
7307,neg
7308,neg
7309,pos
7310,neg
7311,neg
7312,neg
7313,neg
7314,neg
7315,neg
7316,neg
7317,neg
7318,neg
7319,neg
7320,neg
7321,neg
7322,neg
7323,neg
7324,neg
7325,neg
7326,neg
7327,neg
7328,neg
7329,neg
7330,neg
7331,neg
7332,neg
7333,neg
7334,neg
7335,neg
7336,neg
7337,neg
7338,neg
7339,neg
7340,neg
7341,neg
7342,neg
7343,neg
7344,neg
7345,neg
7346,neg
7347,neg
7348,neg
7349,neg
7350,neg
7351,neg
7352,neg
7353,neg
7354,neg
7355,neg
7356,neg
7357,neg
7358,neg
7359,neg
7360,neg
7361,neg
7362,neg
7363,neg
7364,neg
7365,neg
7366,neg
7367,neg
7368,neg
7369,neg
7370,neg
7371,neg
7372,neg
7373,neg
7374,neg
7375,neg
7376,neg
7377,neg
7378,neg
7379,neg
7380,neg
7381,neg
7382,neg
7383,neg
7384,neg
7385,neg
7386,neg
7387,neg
7388,neg
7389,neg
7390,neg
7391,neg
7392,neg
7393,neg
7394,neg
7395,neg
7396,neg
7397,neg
7398,neg
7399,pos
7400,pos
7401,neg
7402,neg
7403,neg
7404,neg
7405,neg
7406,neg
7407,neg
7408,neg
7409,neg
7410,neg
7411,neg
7412,neg
7413,neg
7414,neg
7415,neg
7416,neg
7417,neg
7418,neg
7419,neg
7420,neg
7421,neg
7422,neg
7423,neg
7424,neg
7425,neg
7426,neg
7427,neg
7428,neg
7429,neg
7430,neg
7431,pos
7432,neg
7433,neg
7434,neg
7435,neg
7436,neg
7437,neg
7438,neg
7439,neg
7440,neg
7441,neg
7442,neg
7443,neg
7444,neg
7445,neg
7446,neg
7447,neg
7448,neg
7449,neg
7450,neg
7451,neg
7452,pos
7453,neg
7454,neg
7455,neg
7456,neg
7457,neg
7458,neg
7459,neg
7460,neg
7461,neg
7462,neg
7463,neg
7464,neg
7465,neg
7466,neg
7467,neg
7468,neg
7469,neg
7470,neg
7471,neg
7472,neg
7473,neg
7474,neg
7475,neg
7476,neg
7477,neg
7478,neg
7479,pos
7480,neg
7481,neg
7482,neg
7483,neg
7484,neg
7485,neg
7486,neg
7487,neg
7488,neg
7489,neg
7490,neg
7491,neg
7492,neg
7493,neg
7494,neg
7495,neg
7496,neg
7497,neg
7498,neg
7499,neg
7500,neg
7501,neg
7502,neg
7503,neg
7504,neg
7505,neg
7506,neg
7507,neg
7508,neg
7509,neg
7510,neg
7511,neg
7512,neg
7513,neg
7514,neg
7515,neg
7516,neg
7517,neg
7518,neg
7519,neg
7520,neg
7521,neg
7522,neg
7523,neg
7524,neg
7525,neg
7526,neg
7527,neg
7528,neg
7529,neg
7530,neg
7531,neg
7532,neg
7533,neg
7534,neg
7535,neg
7536,neg
7537,neg
7538,neg
7539,neg
7540,neg
7541,neg
7542,neg
7543,neg
7544,neg
7545,neg
7546,neg
7547,neg
7548,neg
7549,neg
7550,neg
7551,neg
7552,neg
7553,neg
7554,neg
7555,neg
7556,neg
7557,neg
7558,pos
7559,neg
7560,neg
7561,neg
7562,neg
7563,neg
7564,neg
7565,neg
7566,neg
7567,neg
7568,neg
7569,neg
7570,neg
7571,neg
7572,neg
7573,neg
7574,neg
7575,neg
7576,neg
7577,pos
7578,neg
7579,neg
7580,neg
7581,neg
7582,neg
7583,neg
7584,neg
7585,neg
7586,neg
7587,neg
7588,neg
7589,neg
7590,neg
7591,neg
7592,neg
7593,neg
7594,neg
7595,neg
7596,neg
7597,neg
7598,neg
7599,neg
7600,neg
7601,neg
7602,pos
7603,neg
7604,neg
7605,neg
7606,neg
7607,neg
7608,neg
7609,neg
7610,neg
7611,neg
7612,neg
7613,neg
7614,neg
7615,neg
7616,neg
7617,neg
7618,neg
7619,neg
7620,neg
7621,neg
7622,neg
7623,neg
7624,neg
7625,neg
7626,neg
7627,neg
7628,neg
7629,neg
7630,neg
7631,neg
7632,neg
7633,neg
7634,neg
7635,neg
7636,neg
7637,neg
7638,neg
7639,neg
7640,neg
7641,neg
7642,neg
7643,neg
7644,neg
7645,neg
7646,neg
7647,neg
7648,neg
7649,neg
7650,neg
7651,pos
7652,neg
7653,neg
7654,neg
7655,neg
7656,neg
7657,neg
7658,neg
7659,neg
7660,neg
7661,neg
7662,neg
7663,neg
7664,neg
7665,neg
7666,neg
7667,neg
7668,neg
7669,neg
7670,neg
7671,neg
7672,pos
7673,neg
7674,neg
7675,neg
7676,neg
7677,neg
7678,neg
7679,neg
7680,neg
7681,neg
7682,neg
7683,neg
7684,neg
7685,neg
7686,neg
7687,neg
7688,neg
7689,neg
7690,neg
7691,neg
7692,neg
7693,neg
7694,neg
7695,neg
7696,neg
7697,neg
7698,neg
7699,neg
7700,neg
7701,neg
7702,neg
7703,neg
7704,neg
7705,neg
7706,neg
7707,neg
7708,neg
7709,neg
7710,neg
7711,neg
7712,neg
7713,neg
7714,neg
7715,neg
7716,neg
7717,pos
7718,neg
7719,neg
7720,neg
7721,neg
7722,neg
7723,neg
7724,neg
7725,neg
7726,neg
7727,neg
7728,neg
7729,neg
7730,neg
7731,neg
7732,neg
7733,neg
7734,neg
7735,neg
7736,neg
7737,neg
7738,neg
7739,neg
7740,neg
7741,neg
7742,neg
7743,neg
7744,neg
7745,neg
7746,pos
7747,neg
7748,neg
7749,neg
7750,neg
7751,neg
7752,neg
7753,neg
7754,neg
7755,neg
7756,neg
7757,neg
7758,neg
7759,neg
7760,neg
7761,neg
7762,neg
7763,neg
7764,pos
7765,neg
7766,neg
7767,neg
7768,neg
7769,neg
7770,neg
7771,neg
7772,neg
7773,neg
7774,neg
7775,neg
7776,neg
7777,neg
7778,neg
7779,neg
7780,neg
7781,neg
7782,neg
7783,neg
7784,neg
7785,neg
7786,neg
7787,neg
7788,neg
7789,neg
7790,neg
7791,neg
7792,neg
7793,neg
7794,neg
7795,neg
7796,neg
7797,neg
7798,neg
7799,neg
7800,neg
7801,neg
7802,neg
7803,neg
7804,neg
7805,neg
7806,neg
7807,neg
7808,neg
7809,neg
7810,neg
7811,neg
7812,neg
7813,neg
7814,neg
7815,neg
7816,neg
7817,neg
7818,neg
7819,neg
7820,neg
7821,neg
7822,neg
7823,neg
7824,neg
7825,neg
7826,neg
7827,neg
7828,neg
7829,neg
7830,neg
7831,neg
7832,neg
7833,neg
7834,neg
7835,pos
7836,neg
7837,neg
7838,neg
7839,neg
7840,neg
7841,neg
7842,neg
7843,neg
7844,neg
7845,neg
7846,neg
7847,neg
7848,neg
7849,neg
7850,neg
7851,neg
7852,neg
7853,neg
7854,neg
7855,neg
7856,neg
7857,neg
7858,neg
7859,neg
7860,neg
7861,neg
7862,neg
7863,neg
7864,neg
7865,neg
7866,neg
7867,neg
7868,neg
7869,neg
7870,neg
7871,neg
7872,neg
7873,neg
7874,neg
7875,neg
7876,neg
7877,neg
7878,neg
7879,neg
7880,neg
7881,neg
7882,neg
7883,neg
7884,neg
7885,neg
7886,neg
7887,neg
7888,neg
7889,neg
7890,neg
7891,neg
7892,neg
7893,neg
7894,neg
7895,neg
7896,neg
7897,neg
7898,neg
7899,neg
7900,neg
7901,neg
7902,neg
7903,neg
7904,neg
7905,neg
7906,neg
7907,neg
7908,neg
7909,neg
7910,neg
7911,neg
7912,neg
7913,neg
7914,neg
7915,neg
7916,neg
7917,neg
7918,neg
7919,neg
7920,neg
7921,neg
7922,neg
7923,neg
7924,neg
7925,neg
7926,neg
7927,neg
7928,neg
7929,neg
7930,neg
7931,neg
7932,neg
7933,neg
7934,neg
7935,neg
7936,neg
7937,neg
7938,neg
7939,neg
7940,neg
7941,neg
7942,neg
7943,neg
7944,neg
7945,neg
7946,neg
7947,neg
7948,neg
7949,neg
7950,neg
7951,neg
7952,neg
7953,neg
7954,neg
7955,neg
7956,neg
7957,neg
7958,neg
7959,neg
7960,neg
7961,neg
7962,neg
7963,neg
7964,neg
7965,neg
7966,neg
7967,neg
7968,neg
7969,neg
7970,neg
7971,neg
7972,neg
7973,neg
7974,neg
7975,neg
7976,neg
7977,neg
7978,neg
7979,neg
7980,neg
7981,neg
7982,neg
7983,neg
7984,neg
7985,neg
7986,neg
7987,neg
7988,neg
7989,neg
7990,neg
7991,neg
7992,neg
7993,neg
7994,neg
7995,neg
7996,neg
7997,neg
7998,neg
7999,pos
8000,neg
